Date,Volume,成交金額,Open,High,Low,Close,漲跌價差,成交筆數
2017-01-03,2757435,"146,961,901",53.4,53.6,53.2,53.3,-0.1,"1,631"
2017-01-04,9052224,"481,934,717",53.5,53.7,52.9,53.0,-0.3,"3,126"
2017-01-05,14307988,"764,470,392",53.0,54.1,52.9,54.1,1.1,"4,292"
2017-01-06,8199858,"443,382,991",54.1,54.3,53.8,54.1,0.0,"3,880"
2017-01-09,4863225,"263,578,076",54.2,54.5,54.0,54.2,0.1,"2,372"
2017-01-10,6374658,"342,581,032",54.0,54.1,53.3,53.7,-0.5,"2,908"
2017-01-11,9051053,"486,447,462",54.0,54.2,53.4,54.0,0.3,"4,107"
2017-01-12,8620672,"468,788,140",54.1,54.6,54.0,54.4,0.4,"4,283"
2017-01-13,10534492,"576,320,160",54.6,55.0,54.4,55.0,0.6,"4,798"
2017-01-16,7849967,"427,500,301",54.8,54.8,54.1,54.5,-0.5,"3,026"
2017-01-17,5763326,"314,832,535",54.5,54.9,54.4,54.8,0.3,"2,591"
2017-01-18,7793969,"422,494,698",54.8,54.8,54.0,54.0,-0.8,"3,663"
2017-01-19,10985766,"597,053,191",54.0,54.6,54.0,54.6,0.6,"2,496"
2017-01-20,6231459,"338,830,742",54.6,54.6,54.1,54.3,-0.3,"2,113"
2017-01-23,16813966,"916,071,575",54.3,54.7,54.2,54.5,0.2,"4,551"
2017-01-24,17824014,"962,395,499",54.3,54.5,53.5,53.5,-1.0,"5,088"
2017-02-02,45496494,"2,393,020,192",52.4,53.1,52.4,52.5,-1.0,"9,650"
2017-02-03,14144621,"746,125,833",52.6,52.9,52.6,52.8,0.3,"5,083"
2017-02-06,11778620,"631,851,566",53.1,53.9,53.0,53.8,1.0,"4,624"
2017-02-07,11160427,"604,402,812",53.3,54.5,53.1,54.3,0.5,"4,964"
2017-02-08,12925224,"696,317,096",54.0,54.0,53.5,53.9,-0.4,"5,102"
2017-02-09,6601003,"357,517,523",53.9,54.3,53.9,54.1,0.2,"3,130"
2017-02-10,15132409,"821,930,507",54.1,54.4,54.0,54.4,0.3,"4,237"
2017-02-13,7425906,"406,447,507",54.5,54.9,54.4,54.9,0.5,"3,277"
2017-02-14,13815458,"750,880,201",54.9,54.9,54.2,54.2,-0.7,"4,866"
2017-02-15,10645879,"582,345,125",54.4,55.0,54.2,55.0,0.8,"4,585"
2017-02-16,8397461,"464,475,253",55.3,55.5,54.8,55.5,0.5,"4,160"
2017-02-17,6013610,"332,741,181",55.4,55.7,55.0,55.1,-0.4,"3,459"
2017-02-18,3327916,"182,545,596",55.1,55.3,54.6,54.6,-0.5,"1,944"
2017-02-20,6343780,"345,696,290",55.0,55.0,54.3,54.5,-0.1,"2,614"
2017-02-21,4987730,"271,449,573",54.5,54.6,54.3,54.5,0.0,"2,202"
2017-02-22,6249677,"342,156,341",54.6,55.1,54.4,54.8,0.3,"2,690"
2017-02-23,7390763,"402,529,661",55.0,55.1,54.1,54.5,-0.3,"3,295"
2017-02-24,14335661,"784,925,425",54.7,55.0,54.5,54.6,0.1,"3,357"
2017-03-01,19827417,"1,111,161,152",55.2,56.5,55.2,56.5,1.9,"9,218"
2017-03-02,15351719,"867,237,615",57.0,57.1,56.1,56.5,0.0,"6,648"
2017-03-03,10919380,"613,703,470",56.0,56.7,55.5,56.3,-0.2,"4,098"
2017-03-06,6740755,"381,135,151",56.0,56.9,55.9,56.7,0.4,"2,767"
2017-03-07,3958358,"224,383,761",56.8,56.9,56.4,56.8,0.1,"1,916"
2017-03-08,9381419,"529,345,182",56.8,56.9,56.1,56.7,-0.1,"3,656"
2017-03-09,15603433,"869,193,387",56.1,56.3,55.2,55.7,-1.0,"6,265"
2017-03-10,13959926,"765,135,618",55.7,55.7,54.4,54.8,-0.9,"5,063"
2017-03-13,10191676,"557,020,600",54.9,55.0,54.4,54.8,0.0,"3,088"
2017-03-14,11965344,"670,203,661",55.2,56.4,55.2,56.4,1.6,"4,717"
2017-03-15,7547979,"425,588,891",56.2,56.6,56.0,56.4,0.0,"3,912"
2017-03-16,11303096,"642,940,413",56.7,57.0,56.5,57.0,0.6,"5,360"
2017-03-17,15235137,"879,887,356",57.2,58.1,56.8,58.1,1.1,"5,203"
2017-03-20,10783383,"618,425,058",57.9,57.9,57.1,57.4,-0.7,"2,366"
2017-03-21,8251121,"474,975,448",57.4,57.9,57.3,57.6,0.2,"3,633"
2017-03-22,6551123,"372,334,511",57.3,57.3,56.2,57.2,-0.4,"2,770"
2017-03-23,4142144,"237,576,215",57.5,57.6,57.1,57.6,0.4,"1,881"
2017-03-24,8552336,"491,418,063",57.3,57.8,57.1,57.7,0.1,"2,343"
2017-03-27,7458084,"423,980,216",57.1,57.2,56.6,56.7,-1.0,"3,075"
2017-03-28,10275842,"585,582,779",57.3,57.4,56.6,57.1,0.4,"3,125"
2017-03-29,5943634,"338,429,648",56.8,57.2,56.6,57.2,0.1,"2,507"
2017-03-30,13034489,"739,946,911",57.3,57.4,56.4,57.0,-0.2,"3,999"
2017-03-31,10520496,"598,615,295",57.0,57.1,56.8,56.9,-0.1,"3,386"
2017-04-05,17919938,"1,031,536,623",56.5,58.2,56.5,58.2,1.3,"7,219"
2017-04-06,11966819,"691,904,749",58.2,58.3,57.5,57.7,-0.5,"3,563"
2017-04-07,12350319,"698,931,661",57.2,57.5,56.1,56.2,-1.5,"5,888"
2017-04-10,5741575,"322,498,600",56.4,56.7,56.0,56.0,-0.2,"2,817"
2017-04-11,8631776,"478,424,358",55.5,55.9,55.3,55.3,-0.7,"3,484"
2017-04-12,8263867,"463,241,952",55.4,56.3,55.4,56.1,0.8,"3,032"
2017-04-13,3304332,"185,454,292",56.3,56.4,55.8,56.0,-0.1,"1,270"
2017-04-14,1687891,"94,204,572",56.0,56.0,55.5,55.8,-0.2,953
2017-04-17,4851234,"271,979,104",55.8,56.4,55.6,56.3,0.5,"2,567"
2017-04-18,3646612,"203,723,281",56.3,56.3,55.7,55.9,-0.4,"2,028"
2017-04-19,8808228,"485,806,742",55.5,55.8,55.0,55.0,-0.9,"3,473"
2017-04-20,9674789,"530,962,330",54.7,55.1,54.5,55.1,0.1,"3,802"
2017-04-21,4652723,"257,876,041",55.3,55.7,55.1,55.7,0.6,"1,925"
2017-04-24,8025767,"448,466,450",56.0,56.1,55.7,55.9,0.2,"1,321"
2017-04-25,10081306,"568,033,476",56.1,56.5,56.0,56.5,0.6,"3,221"
2017-04-26,7174467,"404,841,365",56.5,56.7,56.2,56.3,-0.2,"2,672"
2017-04-27,3900978,"218,855,944",56.3,56.3,55.9,56.3,0.0,"2,060"
2017-04-28,3982039,"222,569,754",56.0,56.3,55.7,55.7,-0.6,"1,848"
2017-05-02,7611482,"427,636,792",56.0,56.7,55.8,56.1,0.4,"3,324"
2017-05-03,5460545,"306,616,752",56.3,56.5,55.9,56.0,-0.1,"2,497"
2017-05-04,8052200,"447,258,493",55.8,56.0,55.4,55.5,-0.5,"3,925"
2017-05-05,6564803,"368,772,320",55.9,56.4,55.8,56.2,0.7,"3,491"
2017-05-08,4870925,"274,045,243",56.6,56.6,56.1,56.3,0.1,"1,982"
2017-05-09,6835313,"384,120,788",56.3,56.6,55.8,56.1,-0.2,"2,736"
2017-05-10,8291132,"468,160,245",56.2,56.9,56.1,56.9,0.8,"3,194"
2017-05-11,16194802,"928,000,063",57.1,57.5,57.0,57.5,0.6,"5,140"
2017-05-12,13244828,"762,305,296",57.5,58.1,56.8,57.0,-0.5,"5,034"
2017-05-15,9216081,"526,534,117",57.6,57.8,56.7,57.0,0.0,"3,549"
2017-05-16,12669739,"726,051,719",57.6,57.6,56.9,57.6,0.6,"5,243"
2017-05-17,11991301,"690,086,523",57.9,57.9,57.3,57.5,-0.1,"4,386"
2017-05-18,9893189,"565,115,011",57.0,57.5,56.8,57.5,0.0,"3,752"
2017-05-19,7382738,"421,786,415",57.7,57.7,56.9,57.4,-0.1,"2,728"
2017-05-22,5360374,"304,728,663",57.3,57.3,56.7,56.7,-0.7,"3,548"
2017-05-23,6767174,"385,364,267",56.5,57.1,56.5,57.0,0.3,"3,857"
2017-05-24,6499752,"372,332,088",57.3,57.4,57.1,57.4,0.4,"3,466"
2017-05-25,23479675,"1,377,342,098",57.7,59.6,57.5,59.5,2.1,"9,056"
2017-05-26,35645601,"2,150,073,756",60.3,61.4,59.7,60.6,1.1,"12,035"
2017-05-31,19977414,"1,202,411,220",60.6,61.4,59.5,60.1,-0.5,"7,260"
2017-06-01,12202563,"730,816,080",60.1,60.2,59.6,59.6,-0.5,"5,087"
2017-06-02,7818830,"468,593,389",59.7,60.5,59.7,60.0,0.4,"3,724"
2017-06-03,2894547,"173,090,627",60.0,60.1,59.6,59.7,-0.3,"1,771"
2017-06-05,9900665,"585,934,699",59.8,59.9,58.6,59.5,-0.2,"4,886"
2017-06-06,7886082,"467,957,443",59.5,59.6,59.0,59.5,0.0,"4,503"
2017-06-07,9206679,"550,399,770",59.2,60.4,59.2,60.4,0.9,"5,204"
2017-06-08,8305279,"494,182,015",60.2,60.2,59.2,59.2,-1.2,"5,374"
2017-06-09,12449201,"733,660,169",59.2,59.5,58.7,58.8,-0.4,"5,048"
2017-06-12,6893482,"404,162,686",58.7,58.8,58.5,58.5,-0.3,"4,152"
2017-06-13,6651722,"394,257,092",59.2,59.4,59.0,59.3,0.8,"3,989"
2017-06-14,9303707,"551,418,313",59.5,59.6,58.8,59.5,0.2,"4,195"
2017-06-15,7123726,"419,151,969",59.4,59.4,58.5,58.7,-0.8,"3,390"
2017-06-16,10043482,"586,757,773",58.6,58.7,58.2,58.6,-0.1,"4,348"
2017-06-19,7811030,"456,465,227",58.8,58.8,58.3,58.5,-0.1,"4,198"
2017-06-20,10128550,"594,504,040",58.6,58.9,58.5,58.6,0.1,"2,351"
2017-06-21,11578224,"684,172,507",58.7,59.4,58.7,59.2,0.6,"5,827"
2017-06-22,12073994,"726,394,196",59.7,60.5,59.7,60.5,1.3,"5,087"
2017-06-23,10060187,"609,027,560",60.5,60.9,60.2,60.6,0.1,"5,070"
2017-06-26,13517336,"822,842,965",60.7,61.0,60.4,61.0,0.4,"5,096"
2017-06-27,9120968,"557,176,403",61.1,61.3,60.8,61.2,0.2,"4,718"
2017-06-28,12070787,"738,522,990",61.1,61.5,60.7,61.5,0.3,"4,747"
2017-06-29,11457294,"697,578,074",61.6,61.6,60.3,60.6,-0.9,"4,848"
2017-06-30,5700897,"346,579,615",60.7,61.0,60.3,61.0,0.4,"2,682"
2017-07-03,19421435,"1,186,318,625",61.20,61.20,60.80,61.10,+0.10,"2,411"
2017-07-04,4867361,"296,322,376",60.80,61.30,60.60,60.60,-0.50,"1,771"
2017-07-05,4797565,"291,838,360",60.60,61.20,60.20,61.00,+0.40,"2,191"
2017-07-06,3599954,"219,094,075",60.80,61.10,60.50,61.10,+0.10,"1,650"
2017-07-07,4357435,"263,107,902",60.60,60.70,60.30,60.30,-0.80,"1,896"
2017-07-10,4312105,"259,388,200",60.30,60.50,59.90,60.10,-0.20,"2,707"
2017-07-11,5984234,"361,322,240",60.00,60.60,60.00,60.30,+0.20,"3,295"
2017-07-12,9102574,"548,597,221",60.10,60.50,60.00,60.20,-0.10,"3,170"
2017-07-13,11244507,"679,476,846",60.30,60.80,60.10,60.30,+0.10,"4,077"
2017-07-14,6197555,"374,015,188",60.30,60.50,60.10,60.40,+0.10,"2,888"
2017-07-17,7147269,"431,912,663",60.40,60.60,60.20,60.20,-0.20,"3,365"
2017-07-18,6748968,"407,345,980",60.20,60.50,60.20,60.30,+0.10,"4,460"
2017-07-19,9315689,"562,511,686",60.30,60.70,60.20,60.30, 0.00,"3,692"
2017-07-20,6994293,"419,957,280",60.30,60.50,59.90,60.00,-0.30,"3,187"
2017-07-21,5606970,"336,682,300",60.00,60.30,59.90,60.00, 0.00,"3,051"
2017-07-24,9927252,"600,131,584",60.50,60.80,60.20,60.60,+0.60,"4,238"
2017-07-25,6969272,"420,703,443",60.80,60.80,60.10,60.30,-0.30,"3,528"
2017-07-26,7937132,"480,748,637",60.70,61.00,60.30,60.50,+0.20,"3,008"
2017-07-27,0,0,--,61.00,--,--, 0.00,0
2017-07-28,30535605,"1,793,098,664",58.20,59.80,58.20,58.40,X0.00,"12,161"
2017-07-31,29464479,"1,692,671,303",58.40,58.60,56.50,57.80,-0.60,"9,533"
2017-08-01,27518710,"1,619,784,650",57.9,59.3,57.8,59.0,+1.20,"9,170"
2017-08-02,19323559,"1,138,151,206",59.1,59.2,58.7,58.8,-0.20,"8,006"
2017-08-03,19448315,"1,111,559,788",56.4,57.5,56.4,57.5,X0.00,"5,239"
2017-08-04,22335987,"1,289,053,173",57.6,57.8,57.5,57.8,+0.30,"3,895"
2017-08-07,5743555,"330,463,830",58.0,58.1,57.2,57.4,-0.40,"2,436"
2017-08-08,8547122,"491,654,694",57.4,57.8,57.4,57.6,+0.20,"3,868"
2017-08-09,16293347,"937,076,765",57.1,58.5,57.1,57.4,-0.20,"4,891"
2017-08-10,8867094,"511,728,493",57.7,58.0,57.4,57.8,+0.40,"3,487"
2017-08-11,5599384,"322,335,291",57.8,57.8,57.4,57.7,-0.10,"2,856"
2017-08-14,6008997,"346,862,699",57.8,57.9,57.5,57.5,-0.20,"3,271"
2017-08-15,13861246,"812,572,646",57.8,59.5,57.8,59.1,+1.60,"5,071"
2017-08-16,9705677,"574,991,886",59.4,59.5,59.0,59.4,+0.30,"4,773"
2017-08-17,6792742,"404,755,030",59.6,59.8,59.2,59.8,+0.40,"3,237"
2017-08-18,6651312,"397,772,912",59.5,60.1,59.1,60.0,+0.20,"3,226"
2017-08-21,3792477,"226,322,310",60.0,60.0,59.4,59.7,-0.30,"2,169"
2017-08-22,8792019,"528,788,996",60.0,60.4,59.8,60.4,+0.70,"3,893"
2017-08-23,17282241,"1,061,526,979",60.7,62.3,60.7,61.4,+1.00,"7,330"
2017-08-24,24110067,"1,502,979,914",62.0,63.2,61.7,63.0,+1.60,"8,141"
2017-08-25,31056460,"1,994,094,768",63.5,65.1,63.3,64.1,+1.10,"10,304"
2017-08-28,22643719,"1,438,088,097",64.9,64.9,62.9,63.4,-0.70,"6,716"
2017-08-29,10528849,"664,165,920",63.4,64.0,62.5,64.0,+0.60,"5,010"
2017-08-30,13125627,"839,238,128",63.9,64.3,63.5,64.3,+0.30,"4,389"
2017-08-31,12268036,"782,483,556",64.3,64.3,63.3,64.2,-0.10,"4,846"
2017-09-01,9917124,"632,820,003",64.2,64.2,63.7,63.8,-0.4,"3,091"
2017-09-04,9077110,"576,495,755",63.7,63.8,63.3,63.8,0.0,"4,112"
2017-09-05,12604782,"798,207,182",63.8,63.9,63.0,63.9,0.1,"4,309"
2017-09-06,11501566,"734,688,477",63.8,64.0,63.8,63.9,0.0,"3,399"
2017-09-07,13307686,"852,400,293",64.0,64.5,63.8,64.5,0.6,"3,965"
2017-09-08,15662257,"1,018,205,252",65.0,65.2,64.7,65.2,0.7,"4,683"
2017-09-11,6015208,"392,057,738",65.5,65.6,65.0,65.1,-0.1,"2,731"
2017-09-12,8594471,"554,446,787",65.0,65.1,64.2,64.6,-0.5,"2,664"
2017-09-13,9069511,"590,042,703",65.0,65.3,64.6,65.0,0.4,"3,757"
2017-09-14,6164192,"402,839,854",65.0,65.5,65.0,65.5,0.5,"2,645"
2017-09-15,13832673,"903,431,972",65.4,65.6,64.7,65.6,0.1,"3,896"
2017-09-18,9296068,"613,878,388",65.6,66.3,65.6,66.3,0.7,"5,440"
2017-09-19,9509194,"620,121,836",66.4,66.5,64.9,65.1,-1.2,"3,662"
2017-09-20,9562001,"615,876,327",65.1,65.2,63.2,65.0,-0.1,"4,440"
2017-09-21,5762994,"371,421,486",64.9,64.9,64.2,64.5,-0.5,"2,145"
2017-09-22,5607960,"358,497,022",65.0,65.0,63.6,63.7,-0.8,"2,712"
2017-09-25,6455863,"406,471,278",63.7,63.7,62.7,63.0,-0.7,"3,646"
2017-09-26,5592565,"351,607,396",63.0,63.2,62.6,62.8,-0.2,"2,144"
2017-09-27,9183433,"570,537,746",62.5,62.6,61.8,62.0,-0.8,"2,923"
2017-09-28,7398991,"461,254,382",61.8,63.5,61.7,62.3,0.3,"2,728"
2017-09-29,6093698,"385,099,186",63.0,63.5,62.8,63.5,1.2,"2,347"
2017-09-30,766365,"48,192,436",63.5,63.5,62.2,62.9,-0.6,689
2017-10-02,4205076,"263,427,426",63.3,63.3,62.5,62.6,-0.3,"1,809"
2017-10-03,7298356,"459,550,135",63.1,63.4,62.6,63.4,0.8,"4,002"
2017-10-05,5592012,"352,492,956",62.8,63.6,62.7,63.1,-0.3,"2,450"
2017-10-06,4895749,"309,969,182",63.5,63.6,62.9,63.6,0.5,"2,445"
2017-10-11,11472477,"748,930,507",66.1,66.2,64.3,64.8,1.2,"4,783"
2017-10-12,11335191,"736,994,211",64.3,65.6,64.3,65.5,0.7,"5,389"
2017-10-13,8677348,"563,804,152",65.4,65.5,64.5,65.3,-0.2,"5,249"
2017-10-16,6710926,"435,315,784",65.0,65.0,64.7,64.9,-0.4,"3,361"
2017-10-17,12320783,"803,307,835",65.1,65.4,64.9,65.3,0.4,"3,897"
2017-10-18,5358895,"344,840,580",65.2,65.2,64.1,64.1,-1.2,"2,538"
2017-10-19,3863120,"246,645,108",64.1,64.3,63.7,63.7,-0.4,"1,839"
2017-10-20,7107260,"451,077,887",64.0,64.1,63.2,63.6,-0.1,"2,857"
2017-10-23,8106452,"523,342,650",64.2,65.3,63.8,65.1,1.5,"3,038"
2017-10-24,5857119,"377,264,520",65.3,65.3,64.1,64.4,-0.7,"2,015"
2017-10-25,3821729,"242,996,784",64.2,64.3,63.4,63.4,-1.0,"1,748"
2017-10-26,4330313,"272,210,960",63.1,63.4,62.7,62.8,-0.6,"1,934"
2017-10-27,5620948,"354,267,814",63.3,63.3,62.8,63.1,0.3,"1,937"
2017-10-30,7607569,"480,433,547",63.5,63.6,62.8,63.2,0.1,"2,487"
2017-10-31,6569287,"413,812,241",63.0,63.2,62.9,63.0,-0.2,"2,248"
2017-11-01,5580463,"351,871,769",63.3,63.3,62.8,63.3,0.3,"2,403"
2017-11-02,6353706,"397,567,433",63.1,63.4,62.1,62.3,-1.0,"3,251"
2017-11-03,5357973,"335,743,698",62.6,63.0,62.2,62.7,0.4,"2,971"
2017-11-06,6712966,"417,080,263",62.2,62.6,61.9,62.3,-0.4,"2,437"
2017-11-07,6952408,"432,147,286",62.3,62.6,62.0,62.3,0.0,"2,988"
2017-11-08,7105608,"447,666,996",61.9,63.8,61.9,63.8,1.5,"3,890"
2017-11-09,11976192,"769,916,523",64.2,64.8,63.5,64.0,0.2,"4,864"
2017-11-10,5314645,"336,506,565",63.7,64.0,63.0,63.4,-0.6,"2,799"
2017-11-13,7234461,"461,359,065",63.0,64.2,63.0,63.8,0.4,"3,521"
2017-11-14,8020888,"516,901,132",65.4,65.4,64.0,64.3,0.5,"3,380"
2017-11-15,8764395,"560,836,180",64.2,64.3,63.4,64.3,0.0,"3,477"
2017-11-16,7134675,"457,194,740",64.4,64.4,63.9,64.0,-0.3,"2,545"
2017-11-17,9480119,"611,494,502",64.3,64.8,64.3,64.4,0.4,"2,988"
2017-11-20,5048472,"324,765,182",64.4,65.0,64.2,64.4,0.0,"2,315"
2017-11-21,4346547,"278,248,734",64.1,64.4,63.9,64.2,-0.2,"2,718"
2017-11-22,12268461,"794,679,681",64.5,65.1,64.2,65.0,0.8,"5,002"
2017-11-23,5495423,"356,126,073",65.0,65.0,64.5,64.7,-0.3,"3,011"
2017-11-24,3121815,"200,166,560",64.8,64.8,64.0,64.0,-0.7,"1,455"
2017-11-27,3972552,"251,949,275",64.1,64.2,63.2,63.3,-0.7,"1,899"
2017-11-28,6577117,"418,608,867",63.3,64.2,63.2,63.5,0.2,"2,906"
2017-11-29,5332048,"339,698,860",63.7,64.1,63.5,63.5,0.0,"2,150"
2017-11-30,15700501,"999,312,820",64.2,64.3,63.1,63.7,0.2,"3,475"
2017-12-01,10493971,"673,465,840",63.9,65.0,63.5,64.3,0.6,"5,233"
2017-12-04,8089312,"509,567,556",63.8,64.0,62.6,62.9,-1.4,"3,753"
2017-12-05,10312663,"649,392,500",62.7,64.0,62.2,64.0,1.1,"4,632"
2017-12-06,10124659,"648,728,104",64.0,64.7,63.4,64.7,0.7,"4,785"
2017-12-07,10897802,"703,958,627",64.7,65.3,64.0,64.7,0.0,"3,842"
2017-12-08,13141845,"850,302,332",64.4,65.3,64.0,65.1,0.4,"5,134"
2017-12-11,6333509,"410,584,055",64.4,65.3,64.4,64.5,-0.6,"4,104"
2017-12-12,5066344,"326,398,535",64.3,64.7,64.1,64.7,0.2,"1,968"
2017-12-13,9314940,"607,420,251",65.0,65.5,64.7,65.5,0.8,"4,830"
2017-12-14,12782514,"848,582,765",65.7,66.9,65.6,66.5,1.0,"5,874"
2017-12-15,11733397,"776,367,776",66.4,66.5,65.3,66.4,-0.1,"4,636"
2017-12-18,5809812,"382,564,492",66.6,66.6,65.3,65.7,-0.7,"3,403"
2017-12-19,7567826,"487,388,301",65.3,65.3,64.0,64.4,-1.3,"3,840"
2017-12-20,3769082,"244,489,491",64.6,65.2,64.3,65.1,0.7,"2,794"
2017-12-21,3509420,"227,640,115",65.0,65.1,64.5,64.9,-0.2,"1,560"
2017-12-22,3927236,"255,532,389",65.0,65.5,64.7,65.3,0.4,"2,034"
2017-12-25,1235244,"80,238,560",65.3,65.3,64.8,65.0,-0.3,"1,097"
2017-12-26,1304531,"84,243,382",65.0,65.0,64.4,64.7,-0.3,732
2017-12-27,2157693,"139,840,989",64.9,65.2,64.5,65.2,0.5,"1,263"
2017-12-28,5393058,"353,517,380",65.2,66.3,64.8,66.2,1.0,"2,733"
2017-12-29,4005080,"263,768,171",66.2,66.5,65.3,66.0,-0.2,"1,815"
2018-01-02,6245001,"415,959,326",66.0,67.2,65.7,67.2,1.2,"3,125"
2018-01-03,8154266,"547,058,499",67.2,67.7,66.4,67.5,0.3,"4,473"
2018-01-04,7408237,"497,030,455",67.2,67.5,66.7,67.5,0.0,"3,661"
2018-01-05,7507133,"503,194,164",67.4,67.4,66.7,67.3,-0.2,"2,983"
2018-01-08,5859656,"396,079,852",67.2,67.9,67.0,67.9,0.6,"3,222"
2018-01-09,8385336,"565,823,221",67.2,67.9,67.1,67.6,-0.3,"3,238"
2018-01-10,4103565,"275,930,488",67.5,67.6,67.0,67.6,0.0,"1,692"
2018-01-11,4772094,"322,778,031",67.6,67.9,67.2,67.9,0.3,"1,988"
2018-01-12,4853112,"329,143,952",67.7,68.1,67.5,68.1,0.2,"2,248"
2018-01-15,6355881,"434,799,432",68.4,68.9,67.9,68.7,0.6,"2,567"
2018-01-16,4345567,"296,207,656",68.3,68.5,67.8,68.3,-0.4,"2,455"
2018-01-17,5274480,"356,297,567",68.3,68.3,67.2,67.6,-0.7,"2,804"
2018-01-18,10092114,"689,511,508",67.9,69.0,67.3,68.2,0.6,"3,700"
2018-01-19,7216777,"498,152,254",68.3,69.3,68.1,69.2,1.0,"3,728"
2018-01-22,6988807,"485,835,734",68.7,69.9,68.6,69.9,0.7,"2,908"
2018-01-23,5789627,"399,783,944",69.7,69.8,68.6,69.1,-0.8,"3,342"
2018-01-24,8259277,"565,739,536",68.6,69.4,68.1,68.4,-0.7,"4,025"
2018-01-25,9107465,"625,834,672",68.2,69.0,68.1,68.7,0.3,"3,923"
2018-01-26,6072908,"410,984,667",68.5,68.5,67.0,67.5,-1.2,"3,672"
2018-01-29,8559924,"588,676,188",67.5,69.3,67.5,69.2,1.7,"4,028"
2018-01-30,10127509,"697,097,171",69.0,69.4,68.1,69.4,0.2,"3,705"
2018-01-31,10084350,"703,074,105",69.1,70.2,68.6,70.0,0.6,"3,647"
2018-02-01,8280437,"578,273,002",69.4,70.3,69.4,70.3,0.3,"3,916"
2018-02-02,9468857,"651,291,441",69.5,70.0,68.1,69.0,-1.3,"4,590"
2018-02-05,6984778,"476,250,893",68.0,68.8,68.0,68.3,-0.7,"2,940"
2018-02-06,16091295,"1,058,231,737",66.4,66.6,65.0,65.7,-2.6,"6,519"
2018-02-07,10210777,"683,610,883",66.5,68.0,66.3,66.8,1.1,"4,882"
2018-02-08,5937287,"393,812,489",66.7,67.3,66.0,66.6,-0.2,"2,963"
2018-02-09,8699275,"572,234,060",64.7,66.7,64.6,66.0,-0.6,"4,967"
2018-02-12,7623134,"499,056,956",65.9,65.9,65.1,65.5,-0.5,"2,684"
2018-02-21,11910939,"814,940,135",67.9,69.2,66.7,69.2,3.7,"5,653"
2018-02-22,13553525,"904,440,575",67.5,67.6,66.1,66.8,-2.4,"6,645"
2018-02-23,11154159,"742,164,805",66.4,66.9,66.3,66.8,0.0,"4,718"
2018-02-26,11514695,"791,701,725",68.0,69.2,68.0,68.4,1.6,"6,796"
2018-02-27,8425162,"580,762,097",69.0,69.2,68.6,69.0,0.6,"2,846"
2018-03-01,12259742,"847,036,067",67.8,69.6,67.8,69.3,0.3,"5,008"
2018-03-02,9503062,"654,425,310",68.3,69.5,68.3,68.7,-0.6,"3,999"
2018-03-05,6887391,"467,507,283",68.4,68.5,67.3,67.8,-0.9,"2,923"
2018-03-06,4716325,"319,049,597",68.2,68.6,67.3,67.5,-0.3,"2,136"
2018-03-07,7002167,"480,285,626",68.0,69.0,67.7,69.0,1.5,"2,945"
2018-03-08,2754821,"189,027,720",68.9,68.9,68.5,68.5,-0.5,"1,577"
2018-03-09,1726365,"117,960,972",68.3,68.6,68.1,68.2,-0.3,"1,256"
2018-03-12,6017910,"417,514,739",69.0,69.7,68.5,69.6,1.4,"3,306"
2018-03-13,4414304,"306,251,766",69.0,69.8,68.3,69.8,0.2,"2,664"
2018-03-14,5558191,"383,616,379",69.5,69.5,68.6,69.3,-0.5,"3,596"
2018-03-15,3431404,"236,927,576",69.3,69.3,68.7,69.0,-0.3,"1,573"
2018-03-16,18926505,"1,314,654,764",68.7,70.1,68.0,70.1,1.1,"5,078"
2018-03-19,3901002,"269,165,811",69.3,69.4,68.7,69.3,-0.8,"2,576"
2018-03-20,6123015,"418,633,900",69.2,69.2,68.1,68.1,-1.2,"3,562"
2018-03-21,6152781,"420,259,485",68.5,68.8,67.9,68.8,0.7,"3,696"
2018-03-22,7695883,"525,027,294",68.6,68.8,67.7,68.6,-0.2,"4,681"
2018-03-23,6623500,"449,256,900",67.4,68.1,67.4,68.0,-0.6,"3,200"
2018-03-26,5928576,"400,574,168",68.0,68.0,67.3,68.0,0.0,"3,183"
2018-03-27,5425818,"370,331,924",68.2,68.7,68.0,68.2,0.2,"3,079"
2018-03-28,8994723,"611,186,166",68.2,68.3,67.7,68.0,-0.2,"2,081"
2018-03-29,17148089,"1,184,308,871",69.1,70.0,68.3,68.3,0.3,"8,367"
2018-03-30,6690954,"460,617,007",68.9,69.3,68.3,68.5,0.2,"3,724"
2018-03-31,2361599,"163,057,832",68.8,69.3,68.5,69.0,0.5,"1,651"
2018-04-02,3095714,"214,571,510",69.2,69.5,69.1,69.4,0.4,"2,162"
2018-04-03,8853532,"605,210,103",69.0,69.1,68.1,68.2,-1.2,"4,951"
2018-04-09,12352027,"862,290,490",68.9,70.4,68.5,70.2,2.0,"5,826"
2018-04-10,13892282,"975,482,681",69.4,71.0,69.4,70.6,0.4,"4,925"
2018-04-11,5963256,"419,967,469",70.6,70.8,69.9,70.7,0.1,"3,917"
2018-04-12,5376124,"379,225,102",70.7,71.0,70.2,70.8,0.1,"2,796"
2018-04-13,7438166,"526,472,690",70.8,71.3,70.5,70.7,-0.1,"3,277"
2018-04-16,6306044,"451,991,692",70.8,72.5,70.8,71.6,0.9,"3,490"
2018-04-17,7913732,"559,498,038",71.7,71.7,70.4,70.5,-1.1,"3,540"
2018-04-18,9074366,"644,670,886",71.3,71.3,70.8,71.2,0.7,"3,134"
2018-04-19,11542004,"842,564,092",71.3,73.5,71.2,73.4,2.2,"5,368"
2018-04-20,8367955,"599,603,299",73.0,73.0,71.0,71.4,-2.0,"4,144"
2018-04-23,7212762,"507,356,224",71.3,71.3,69.9,70.3,-1.1,"4,010"
2018-04-24,6504758,"456,910,653",71.0,71.1,69.8,70.3,0.0,"3,485"
2018-04-25,6920920,"481,555,995",70.0,70.0,69.3,69.6,-0.7,"3,612"
2018-04-26,6647193,"468,058,413",70.1,70.8,70.1,70.8,1.2,"3,613"
2018-04-27,12040402,"844,520,537",70.1,70.5,69.9,70.3,-0.5,"3,672"
2018-04-30,10130735,"723,901,255",70.0,72.2,70.0,71.6,1.3,"3,960"
2018-05-02,8583304,"604,605,974",71.0,71.6,70.1,70.5,-1.1,"3,629"
2018-05-03,12138766,"838,051,603",70.0,70.2,68.7,68.8,-1.7,"5,583"
2018-05-04,12241099,"854,712,320",68.5,70.6,68.5,70.0,1.2,"4,536"
2018-05-07,4683061,"328,577,446",70.1,70.5,69.8,70.2,0.2,"2,900"
2018-05-08,6525672,"455,456,574",69.8,70.2,69.6,69.8,-0.4,"3,508"
2018-05-09,8874162,"613,368,676",69.5,69.8,68.8,68.9,-0.9,"4,451"
2018-05-10,6213206,"434,258,632",69.0,70.3,69.0,70.3,1.4,"3,311"
2018-05-11,5590530,"391,953,408",70.5,70.5,69.9,70.0,-0.3,"2,895"
2018-05-14,11917791,"850,108,104",70.5,72.2,70.4,72.0,2.0,"5,476"
2018-05-15,8605893,"621,324,896",72.0,72.7,71.2,72.0,0.0,"4,594"
2018-05-16,6763080,"488,124,200",72.3,72.5,71.2,72.5,0.5,"3,063"
2018-05-17,10787865,"768,048,621",72.0,72.0,70.7,70.7,-1.8,"5,400"
2018-05-18,7010955,"500,151,531",71.0,71.8,71.0,71.4,0.7,"3,059"
2018-05-21,4197661,"300,721,639",71.4,71.8,71.0,71.7,0.3,"3,417"
2018-05-22,5312739,"382,004,118",71.7,72.2,71.6,71.8,0.1,"2,999"
2018-05-23,6671691,"482,711,794",72.2,72.8,71.9,72.0,0.2,"3,798"
2018-05-24,7848352,"567,361,404",72.8,72.8,71.8,72.1,0.1,"3,729"
2018-05-25,6647257,"480,549,089",72.1,72.5,72.1,72.4,0.3,"3,106"
2018-05-28,5311014,"388,127,381",72.4,73.5,72.3,73.3,0.9,"3,810"
2018-05-29,5572132,"410,349,142",73.3,74.1,73.3,73.5,0.2,"3,121"
2018-05-30,12323731,"891,723,832",72.5,73.0,71.9,71.9,-1.6,"5,298"
2018-05-31,34496892,"2,511,802,360",72.9,73.1,72.1,73.1,1.2,"4,270"
2018-06-01,7395215,"542,950,997",73.0,74.0,72.5,74.0,0.9,"4,143"
2018-06-04,8486390,"634,619,288",74.2,75.1,73.9,75.1,1.1,"4,444"
2018-06-05,7614273,"570,642,877",75.0,75.2,74.5,75.0,-0.1,"3,880"
2018-06-06,8336562,"630,702,604",75.4,76.0,74.6,75.9,0.9,"4,224"
2018-06-07,10092667,"762,380,390",76.0,76.1,75.3,75.5,-0.4,"5,186"
2018-06-08,6467673,"485,465,675",75.5,75.5,74.8,75.0,-0.5,"3,130"
2018-06-11,7460982,"553,556,168",74.9,74.9,73.8,74.0,-1.0,"4,234"
2018-06-12,12002171,"888,897,404",73.2,74.8,73.2,74.5,0.5,"4,627"
2018-06-13,6848338,"505,259,277",74.0,74.0,73.6,73.7,-0.8,"3,632"
2018-06-14,9964250,"726,865,005",73.0,73.4,72.5,72.5,-1.2,"4,277"
2018-06-15,14602344,"1,079,080,356",72.2,74.2,72.2,74.2,1.7,"4,087"
2018-06-19,15467126,"1,141,593,134",72.5,75.0,72.3,74.3,0.1,"7,432"
2018-06-20,14492905,"1,093,584,608",75.0,76.2,74.4,75.9,1.6,"6,033"
2018-06-21,10409212,"799,515,243",76.8,77.7,76.0,77.0,1.1,"5,825"
2018-06-22,9875211,"753,605,233",76.5,77.0,75.8,76.7,-0.3,"4,021"
2018-06-25,6610466,"507,064,231",76.6,77.1,76.1,76.7,0.0,"2,990"
2018-06-26,6541868,"503,485,049",76.8,77.4,76.7,76.8,0.1,"2,995"
2018-06-27,8390448,"647,925,909",76.8,77.9,76.2,77.5,0.7,"4,613"
2018-06-28,13091649,"990,256,775",77.0,77.4,75.0,75.0,-2.5,"5,909"
2018-06-29,15029466,"1,148,107,740",74.6,77.4,74.5,77.4,2.4,"5,382"
2018-07-02,8285751,"638,792,012",76.9,77.7,76.8,76.9,-0.5,"3,227"
2018-07-03,8395636,"644,131,670",76.8,77.5,76.3,76.6,-0.3,"3,579"
2018-07-04,4414282,"340,954,814",76.9,78.0,76.8,77.1,0.5,"2,066"
2018-07-05,6035174,"464,055,298",77.5,77.5,76.4,77.0,-0.1,"2,533"
2018-07-06,10562157,"820,546,086",77.5,78.3,76.7,78.0,1.0,"5,357"
2018-07-09,6637614,"522,347,071",78.8,79.2,78.2,78.8,0.8,"3,409"
2018-07-10,8199417,"653,079,350",79.5,80.0,78.8,79.7,0.9,"4,288"
2018-07-11,7013302,"560,736,560",79.6,80.4,79.1,80.1,0.4,"4,276"
2018-07-12,8261853,"657,929,651",79.7,80.0,79.0,79.5,-0.6,"4,141"
2018-07-13,6953605,"551,064,328",80.0,80.0,78.8,79.3,-0.2,"3,749"
2018-07-16,3786029,"299,791,991",79.0,79.7,79.0,79.0,-0.3,"2,334"
2018-07-17,15943099,"1,268,475,720",79.0,80.3,78.6,79.4,0.4,"5,079"
2018-07-18,15988972,"1,312,789,654",80.0,83.8,79.7,82.4,3.0,"7,501"
2018-07-19,17194932,"1,413,544,606",82.1,83.0,81.8,82.1,-0.3,"5,992"
2018-07-20,15115885,"1,231,311,885",82.7,82.7,80.7,80.8,-1.3,"5,688"
2018-07-23,13831254,"1,108,784,646",80.4,80.7,79.8,80.1,-0.7,"5,897"
2018-07-24,11745523,"944,099,007",80.7,80.8,80.1,80.6,0.5,"4,245"
2018-07-25,12758857,"1,025,163,641",81.0,81.8,79.6,79.8,-0.8,"5,768"
2018-07-26,11240948,"907,763,089",80.5,81.6,80.2,80.7,0.9,"5,067"
2018-07-27,11151394,"897,614,294",80.9,80.9,80.2,80.7,0.0,"4,287"
2018-07-30,9564373,"775,607,142",81.3,81.5,80.7,80.7,0.0,"4,150"
2018-07-31,19223720,"1,547,322,028",80.7,81.0,79.8,80.8,0.1,"6,122"
2018-08-01,33999841,"2,671,748,644",78.0,79.7,78.0,78.8,-2.00,"12,625"
2018-08-02,26595904,"1,964,929,828",73.5,74.8,73.5,73.9,X0.00,"9,786"
2018-08-03,8105187,"604,032,115",74.1,74.8,74.1,74.6,+0.70,"4,136"
2018-08-06,5430057,"404,141,222",75.0,75.0,74.0,74.2,-0.40,"2,934"
2018-08-07,7304678,"538,949,172",74.2,74.7,73.4,73.4,-0.80,"4,272"
2018-08-08,14334913,"1,044,232,823",73.6,74.0,72.1,72.2,-1.20,"8,260"
2018-08-09,15983427,"1,135,286,892",72.2,72.2,70.6,71.0,-1.20,"6,696"
2018-08-10,10678635,"774,473,485",71.1,72.9,71.1,72.7,+1.70,"5,798"
2018-08-13,8594717,"623,470,767",73.1,73.2,71.4,72.2,-0.50,"4,777"
2018-08-14,19276534,"1,440,497,750",74.0,75.5,73.5,75.0,+2.80,"8,641"
2018-08-15,10438716,"784,202,000",75.0,75.8,74.6,74.8,-0.20,"4,624"
2018-08-16,9668036,"725,591,450",74.8,75.5,74.8,75.1,+0.30,"3,730"
2018-08-17,14473161,"1,107,679,509",75.8,77.0,75.8,77.0,+1.90,"6,646"
2018-08-20,11745419,"890,247,889",77.1,77.5,74.8,75.4,-1.60,"5,548"
2018-08-21,5465180,"415,408,174",75.8,76.4,75.6,76.2,+0.80,"3,700"
2018-08-22,7887136,"603,116,842",76.9,76.9,76.0,76.3,+0.10,"3,479"
2018-08-23,11362908,"879,230,308",77.0,78.0,76.8,78.0,+1.70,"6,359"
2018-08-24,9691235,"751,213,628",78.1,78.2,77.0,77.7,-0.30,"5,299"
2018-08-27,9775532,"761,241,267",78.0,78.5,77.3,77.9,+0.20,"4,594"
2018-08-28,8064482,"631,175,515",78.2,78.8,77.9,78.8,+0.90,"4,047"
2018-08-29,12463572,"972,870,354",78.9,79.2,77.3,77.5,-1.30,"5,144"
2018-08-30,7663581,"589,619,823",77.2,77.8,76.5,77.2,-0.30,"4,465"
2018-08-31,7341477,"567,571,153",77.2,77.6,76.7,77.6,+0.40,"2,874"
2018-09-03,3207060,"244,815,033",77.3,77.3,76.0,76.2,-1.4,"2,599"
2018-09-04,3722784,"284,105,809",76.3,76.9,76.0,76.6,0.4,"2,451"
2018-09-05,6599998,"497,483,229",76.1,76.4,75.0,75.0,-1.6,"3,532"
2018-09-06,6976408,"527,188,285",74.9,76.4,74.2,75.5,0.5,"3,896"
2018-09-07,6928171,"519,125,236",74.9,75.4,74.6,74.8,-0.7,"3,635"
2018-09-10,6173590,"464,831,639",76.0,76.0,74.7,75.7,0.9,"3,803"
2018-09-11,5859705,"446,517,270",76.0,76.8,75.5,76.8,1.1,"3,147"
2018-09-12,6068730,"461,369,436",77.0,77.0,75.4,76.4,-0.4,"3,499"
2018-09-13,6554045,"492,936,735",75.8,75.8,75.0,75.0,-1.4,"3,863"
2018-09-14,8072175,"609,209,233",75.4,75.9,75.2,75.4,0.4,"3,648"
2018-09-17,4141046,"313,604,349",76.1,76.2,75.4,75.6,0.2,"2,572"
2018-09-18,14386596,"1,117,848,868",76.3,78.4,75.9,78.4,2.8,"7,685"
2018-09-19,9583366,"750,955,925",78.5,79.0,77.5,79.0,0.6,"5,063"
2018-09-20,5877299,"456,879,332",77.6,78.2,77.2,77.7,-1.3,"3,420"
2018-09-21,11275019,"883,440,582",78.1,78.8,78.0,78.1,0.4,"4,577"
2018-09-25,7962145,"630,420,090",80.0,80.0,78.5,79.1,1.0,"4,233"
2018-09-26,8336350,"661,464,161",78.6,79.9,78.3,79.8,0.7,"4,002"
2018-09-27,6853575,"544,455,159",79.9,80.0,78.8,79.3,-0.5,"3,525"
2018-09-28,6285501,"499,328,313",78.9,79.8,78.7,79.7,0.4,"2,591"
2018-10-01,3764570,"298,351,230",80.0,80.0,78.8,78.9,-0.8,"2,627"
2018-10-02,5540960,"429,963,571",78.5,78.6,77.1,77.5,-1.4,"3,005"
2018-10-03,2946458,"229,992,116",77.9,78.4,77.8,78.3,0.8,"1,686"
2018-10-04,11410393,"868,677,808",77.5,77.9,75.4,75.4,-2.9,"5,952"
2018-10-05,8466937,"638,640,212",75.0,76.4,75.0,75.3,-0.1,"4,184"
2018-10-08,5096602,"383,872,022",75.5,75.6,75.0,75.5,0.2,"2,328"
2018-10-09,6549038,"494,247,559",75.6,75.8,75.3,75.3,-0.2,"3,738"
2018-10-11,27095451,"1,917,327,821",72.2,73.1,69.7,70.2,-5.1,"12,032"
2018-10-12,11788184,"843,610,306",69.7,72.9,69.7,72.9,2.7,"5,816"
2018-10-15,10655730,"763,449,252",71.2,72.9,70.6,72.8,-0.1,"4,496"
2018-10-16,7481137,"546,808,445",72.6,74.2,72.0,73.3,0.5,"4,288"
2018-10-17,7481889,"551,478,095",73.8,74.4,73.0,73.5,0.2,"4,112"
2018-10-18,4526834,"331,238,197",73.8,74.0,72.7,72.7,-0.8,"2,198"
2018-10-19,28995758,"2,167,503,626",72.7,76.3,72.5,74.9,2.2,"5,721"
2018-10-22,6280002,"464,507,537",74.3,74.9,73.5,74.1,-0.8,"3,089"
2018-10-23,7206610,"524,606,330",73.1,74.0,72.3,72.8,-1.3,"2,967"
2018-10-24,7990223,"585,784,367",72.8,74.0,72.6,73.1,0.3,"4,763"
2018-10-25,13437491,"1,002,395,859",73.5,75.3,73.1,75.0,1.9,"6,332"
2018-10-26,8806622,"661,353,550",74.9,75.8,73.7,75.8,0.8,"3,466"
2018-10-29,5407571,"413,745,912",76.0,76.9,76.0,76.7,0.9,"2,602"
2018-10-30,11203193,"840,113,075",76.0,76.0,74.2,74.8,-1.9,"4,233"
2018-10-31,9721344,"724,969,400",74.0,75.1,74.0,74.9,0.1,"3,908"
2018-11-01,13230502,"995,035,852",74.4,76.2,74.1,76.2,1.3,"3,903"
2018-11-02,7767233,"582,209,349",76.2,76.2,74.2,75.6,-0.6,"3,462"
2018-11-05,5288804,"399,543,803",75.2,76.3,74.3,76.3,0.7,"2,745"
2018-11-06,5227008,"394,743,184",76.7,76.7,74.9,75.9,-0.4,"2,246"
2018-11-07,3513561,"266,772,243",76.1,76.4,75.2,76.0,0.1,"1,756"
2018-11-08,9379046,"703,961,243",75.6,75.8,74.2,75.0,-1.0,"4,868"
2018-11-09,13817822,"1,002,115,721",74.5,74.7,71.8,72.1,-2.9,"7,522"
2018-11-12,8877089,"642,044,340",71.9,73.1,71.5,72.4,0.3,"4,535"
2018-11-13,10773646,"795,888,340",72.0,75.0,71.9,75.0,2.6,"5,603"
2018-11-14,6307171,"466,805,745",74.8,74.8,73.5,74.3,-0.7,"3,293"
2018-11-15,5587643,"411,377,082",74.5,74.5,73.3,73.6,-0.7,"3,079"
2018-11-16,7835865,"583,613,616",74.8,74.9,73.7,74.8,1.2,"4,173"
2018-11-19,9087444,"688,198,915",75.4,76.2,74.9,76.2,1.4,"4,944"
2018-11-20,5075077,"382,667,063",75.8,76.2,75.0,75.1,-1.1,"3,066"
2018-11-21,4704700,"351,344,176",74.2,75.0,74.2,74.6,-0.5,"2,813"
2018-11-22,3623558,"267,747,513",74.1,74.5,73.6,73.9,-0.7,"1,783"
2018-11-23,3537079,"260,073,440",73.7,74.0,73.1,73.8,-0.1,"1,984"
2018-11-26,5836455,"434,751,574",74.0,75.5,73.7,74.1,0.3,"3,250"
2018-11-27,11528289,"836,692,497",73.5,73.6,72.0,72.6,-1.5,"5,796"
2018-11-28,14348950,"1,042,185,320",72.6,73.2,72.1,72.8,0.2,"5,083"
2018-11-29,10343008,"749,670,463",72.9,73.5,72.2,72.2,-0.6,"5,255"
2018-11-30,16370011,"1,184,885,086",72.8,72.9,72.2,72.2,0.0,"4,250"
2018-12-03,12034675,"878,865,565",73.0,73.4,72.3,73.3,1.1,"5,491"
2018-12-04,20862953,"1,485,464,202",72.0,72.4,70.7,70.7,-2.6,"9,734"
2018-12-05,16876737,"1,181,726,740",70.5,71.3,69.2,69.3,-1.4,"7,586"
2018-12-06,27504070,"1,854,389,371",69.0,69.1,66.7,67.4,-1.9,"11,548"
2018-12-07,8672121,"594,440,537",68.2,68.9,68.0,68.9,1.5,"4,500"
2018-12-10,7835631,"534,379,126",68.5,68.8,67.8,68.2,-0.7,"3,967"
2018-12-11,10133969,"701,144,253",69.2,69.5,68.8,68.9,0.7,"3,684"
2018-12-12,10757016,"749,786,151",70.4,70.4,69.4,69.4,0.5,"4,137"
2018-12-13,6529330,"459,135,580",70.5,70.6,69.9,70.3,0.9,"3,104"
2018-12-14,8019859,"554,483,091",70.0,70.4,68.6,68.9,-1.4,"4,043"
2018-12-17,4963917,"345,605,856",68.9,70.0,68.8,69.8,0.9,"1,814"
2018-12-18,10944037,"764,859,219",69.8,70.4,69.3,69.8,0.0,"4,001"
2018-12-19,7334991,"513,992,542",69.5,70.5,69.3,70.1,0.3,"3,984"
2018-12-20,6493357,"455,603,596",70.4,71.0,69.4,69.7,-0.4,"3,059"
2018-12-21,8031219,"559,981,790",70.2,70.5,69.4,69.4,-0.3,"2,190"
2018-12-22,588683,"40,969,366",69.8,69.8,69.5,69.5,0.1,366
2018-12-24,3440272,"237,759,696",69.6,69.8,68.8,69.0,-0.5,"1,790"
2018-12-25,2453952,"167,099,803",67.9,68.4,67.9,68.0,-1.0,"1,569"
2018-12-26,1834859,"126,145,487",68.5,69.0,68.3,68.6,0.6,"1,279"
2018-12-27,8411943,"582,917,439",69.1,70.2,68.6,69.2,0.6,"4,367"
2018-12-28,6172491,"428,668,555",69.7,69.8,68.8,69.8,0.6,"2,452"
2019-01-02,4970267,"340,664,448",69.3,69.7,68.2,68.3,-1.5,"3,080"
2019-01-03,6736068,"456,527,016",67.5,68.5,67.3,67.5,-0.8,"3,378"
2019-01-04,6980664,"472,779,901",67.4,68.3,67.0,67.9,0.4,"3,367"
2019-01-07,10548593,"740,207,290",69.4,70.9,69.0,70.4,2.5,"5,408"
2019-01-08,12423404,"885,821,836",71.0,71.0,70.1,70.2,-0.2,"3,549"
2019-01-09,17244482,"1,227,998,034",71.0,72.1,70.7,72.1,1.9,"4,936"
2019-01-10,14299722,"1,012,729,489",71.1,71.2,70.1,70.5,-1.6,"4,756"
2019-01-11,6766267,"480,395,057",71.0,71.2,70.5,71.1,0.6,"3,181"
2019-01-14,6245952,"446,062,045",71.5,72.0,70.8,71.3,0.2,"3,239"
2019-01-15,10404084,"749,244,840",71.8,72.2,71.6,72.1,0.8,"3,665"
2019-01-16,12537243,"909,063,493",72.3,73.0,71.8,73.0,0.9,"3,501"
2019-01-17,11319370,"823,531,529",73.0,73.4,71.8,72.9,-0.1,"5,387"
2019-01-18,6172520,"446,203,368",72.9,72.9,72.1,72.1,-0.8,"3,004"
2019-01-21,7979371,"577,149,281",72.1,72.8,71.8,72.8,0.7,"2,622"
2019-01-22,5850213,"425,461,296",72.8,72.9,72.3,72.9,0.1,"1,580"
2019-01-23,3727348,"271,309,651",73.4,73.4,72.3,72.5,-0.4,"2,104"
2019-01-24,7382587,"532,345,270",72.3,72.5,71.6,72.4,-0.1,"3,526"
2019-01-25,7497390,"549,120,770",72.4,73.5,72.2,73.3,0.9,"3,372"
2019-01-28,6629050,"480,781,202",72.8,73.0,72.2,72.5,-0.8,"3,292"
2019-01-29,7458363,"541,156,908",72.2,73.1,72.2,72.5,0.0,"3,401"
2019-01-30,9971047,"720,176,690",72.2,73.0,71.9,71.9,-0.6,"3,805"
2019-02-11,18326224,"1,337,703,023",73.3,73.5,72.2,72.5,0.6,"5,239"
2019-02-12,8290705,"610,820,193",73.4,74.0,72.8,73.9,1.4,"4,471"
2019-02-13,6308026,"460,279,386",74.2,74.2,72.6,72.7,-1.2,"3,141"
2019-02-14,5268702,"385,055,946",72.3,73.5,72.3,73.0,0.3,"2,477"
2019-02-15,4715703,"343,491,560",72.4,73.4,72.4,72.7,-0.3,"2,604"
2019-02-18,14289349,"1,042,205,284",73.4,73.8,72.9,73.4,0.7,"2,227"
2019-02-19,3031221,"222,982,739",73.7,73.7,73.2,73.6,0.2,"1,891"
2019-02-20,8242325,"604,857,321",73.7,73.9,72.8,73.4,-0.2,"3,806"
2019-02-21,7399340,"546,878,660",73.2,74.2,73.2,74.2,0.8,"4,416"
2019-02-22,6037521,"450,397,742",74.0,75.0,73.8,75.0,0.8,"3,511"
2019-02-25,5652867,"419,403,171",74.4,74.7,73.5,74.4,-0.6,"2,402"
2019-02-26,4341730,"322,938,862",73.9,74.8,73.9,74.5,0.1,"2,052"
2019-02-27,8259277,"618,412,930",74.5,75.0,74.1,75.0,0.5,"3,316"
2019-03-04,11995239,"874,469,374",73.5,74.2,72.5,72.5,-2.5,"6,637"
2019-03-05,4913723,"356,309,799",72.5,73.0,72.3,72.6,0.1,"2,611"
2019-03-06,3605951,"263,786,645",72.5,73.4,72.5,73.3,0.7,"2,060"
2019-03-07,5557314,"407,251,360",73.5,73.7,73.0,73.1,-0.2,"2,451"
2019-03-08,8862429,"637,022,989",72.3,72.4,71.5,71.7,-1.4,"4,473"
2019-03-11,5918092,"429,178,474",72.5,72.9,72.1,72.5,0.8,"2,672"
2019-03-12,5614906,"409,286,070",72.5,73.3,72.2,72.5,0.0,"3,132"
2019-03-13,3985644,"287,218,405",72.2,72.7,71.8,71.9,-0.6,"2,517"
2019-03-14,5840632,"422,119,369",71.9,72.6,71.9,72.3,0.4,"2,640"
2019-03-15,18189734,"1,333,083,972",72.5,74.2,72.4,73.3,1.0,"6,003"
2019-03-18,3190154,"234,187,797",73.4,73.6,73.0,73.6,0.3,"1,413"
2019-03-19,3511462,"258,201,036",73.6,73.9,73.2,73.5,-0.1,"1,835"
2019-03-20,3767145,"277,063,448",73.3,73.7,73.3,73.6,0.1,"1,782"
2019-03-21,4577794,"336,509,634",73.6,73.7,73.2,73.5,-0.1,"2,178"
2019-03-22,3494646,"257,129,701",73.5,73.9,73.3,73.9,0.4,"1,864"
2019-03-25,3757540,"277,726,938",73.3,74.2,73.0,74.2,0.3,"1,948"
2019-03-26,3405159,"253,280,234",73.9,74.8,73.8,74.8,0.6,"2,022"
2019-03-27,4740634,"353,419,322",73.6,75.2,73.6,74.7,-0.1,"2,443"
2019-03-28,11136732,"824,369,562",73.8,74.6,73.2,74.6,-0.1,"4,101"
2019-03-29,11067099,"826,382,664",74.8,75.0,74.0,74.8,0.2,"4,063"
2019-04-01,7023008,"526,090,568",75.0,75.3,74.6,75.0,0.2,"3,373"
2019-04-02,6443770,"483,250,992",75.1,75.2,74.4,75.1,0.1,"2,670"
2019-04-03,7360487,"552,233,896",75.1,75.3,74.6,75.0,-0.1,"2,802"
2019-04-08,25515483,"1,888,875,584",74.4,74.8,73.5,74.1,-0.9,"5,188"
2019-04-09,6397034,"471,823,268",73.5,74.2,73.5,73.9,-0.2,"2,919"
2019-04-10,9122649,"670,906,081",73.4,74.0,73.3,73.5,-0.4,"3,989"
2019-04-11,13979872,"1,021,287,527",73.2,73.5,72.3,72.4,-1.1,"4,228"
2019-04-12,5384100,"393,740,265",73.3,73.5,72.7,73.5,1.1,"2,298"
2019-04-15,5943399,"437,206,529",73.7,73.9,73.1,73.6,0.1,"2,660"
2019-04-16,7029862,"517,586,387",73.4,73.8,73.3,73.6,0.0,"3,003"
2019-04-17,8243300,"601,726,700",73.3,73.4,72.8,72.8,-0.8,"3,345"
2019-04-18,21730076,"1,551,534,506",72.6,72.6,71.0,71.1,-1.7,"8,284"
2019-04-19,2881127,"206,329,644",71.3,71.9,71.3,71.6,0.5,"2,002"
2019-04-22,1551681,"111,467,831",72.0,72.1,71.6,71.7,0.1,"1,226"
2019-04-23,6121894,"440,400,026",71.6,72.3,71.5,72.0,0.3,"2,479"
2019-04-24,11778228,"847,753,650",71.9,72.3,71.8,72.0,0.0,"2,855"
2019-04-25,12248001,"875,352,642",71.9,71.9,71.3,71.4,-0.6,"3,719"
2019-04-26,5155082,"369,360,754",71.2,72.1,71.0,72.0,0.6,"2,003"
2019-04-29,4917238,"357,041,593",72.2,72.9,72.1,72.8,0.8,"2,626"
2019-04-30,8720472,"636,419,420",72.3,73.4,72.3,73.4,0.6,"3,493"
2019-05-02,8121361,"596,493,573",73.4,73.7,73.0,73.7,0.3,"3,133"
2019-05-03,5309979,"390,576,526",73.7,73.8,73.1,73.8,0.1,"2,507"
2019-05-06,7498423,"544,112,780",72.3,73.1,72.1,73.1,-0.7,"2,651"
2019-05-07,8500909,"626,374,980",73.1,74.0,72.8,74.0,0.9,"3,279"
2019-05-08,25523728,"1,955,084,628",79.0,79.0,75.0,76.4,2.4,"11,363"
2019-05-09,20832968,"1,582,276,730",75.7,76.8,74.5,76.5,0.1,"10,193"
2019-05-10,15623588,"1,204,886,576",76.4,77.8,76.0,77.3,0.8,"7,931"
2019-05-13,10579630,"819,404,099",77.0,78.2,76.8,77.7,0.4,"5,784"
2019-05-14,13693169,"1,066,468,082",77.8,78.2,77.1,78.2,0.5,"7,186"
2019-05-15,9011399,"701,161,407",77.4,78.2,77.1,77.7,-0.5,"4,412"
2019-05-16,8956263,"691,054,905",77.3,77.8,76.7,76.8,-0.9,"4,595"
2019-05-17,14417392,"1,132,640,798",77.8,79.2,77.2,78.8,2.0,"6,981"
2019-05-20,12206669,"972,390,409",78.2,80.0,78.2,80.0,1.2,"6,504"
2019-05-21,15459628,"1,253,627,268",80.1,81.5,80.1,81.4,1.4,"8,150"
2019-05-22,9160993,"729,063,139",81.0,81.0,79.4,79.5,-1.9,"4,795"
2019-05-23,10275372,"823,291,109",80.7,80.7,79.7,80.0,0.5,"5,310"
2019-05-24,6869544,"549,163,884",80.5,81.0,79.2,80.0,0.0,"3,707"
2019-05-27,7562555,"609,677,850",80.0,81.4,79.6,80.9,0.9,"4,005"
2019-05-28,20598847,"1,674,898,707",81.0,81.4,80.8,81.4,0.5,"4,089"
2019-05-29,8069687,"653,182,487",81.4,81.5,80.4,81.0,-0.4,"3,990"
2019-05-30,9830101,"788,932,690",79.7,80.8,79.7,80.1,-0.9,"4,015"
2019-05-31,12592431,"1,014,559,551",80.3,81.4,79.7,81.3,1.2,"6,196"
2019-06-03,4951860,"401,502,366",81.7,81.7,80.4,80.9,-0.4,"3,121"
2019-06-04,5594221,"451,369,580",80.5,81.0,80.5,80.9,0.0,"2,652"
2019-06-05,5914827,"480,461,632",81.0,81.5,80.6,81.5,0.6,"3,100"
2019-06-06,5519941,"447,514,711",80.8,81.4,80.6,81.2,-0.3,"2,504"
2019-06-10,7642122,"624,348,517",81.7,82.0,80.8,82.0,0.8,"3,340"
2019-06-11,8176450,"659,558,288",82.0,82.0,80.4,80.6,-1.4,"3,689"
2019-06-12,6180446,"498,051,080",81.0,81.2,80.3,80.3,-0.3,"3,574"
2019-06-13,18637934,"1,517,140,155",81.0,81.8,80.4,81.8,1.5,"3,119"
2019-06-14,6276019,"506,888,602",80.9,81.2,80.6,80.6,-1.2,"2,443"
2019-06-17,7057468,"566,413,818",80.3,80.8,79.8,79.9,-0.7,"3,070"
2019-06-18,5480354,"440,550,901",80.3,81.0,80.0,80.4,0.5,"2,621"
2019-06-19,12415994,"1,002,449,189",80.5,81.2,80.2,81.2,0.8,"5,290"
2019-06-20,8706096,"712,533,502",82.0,82.1,81.5,81.8,0.6,"3,850"
2019-06-21,16304627,"1,336,262,603",82.1,82.3,81.0,82.3,0.5,"3,830"
2019-06-24,5186698,"424,968,259",81.3,82.3,81.3,82.2,-0.1,"2,832"
2019-06-25,6130433,"501,373,046",81.2,82.2,81.2,82.0,-0.2,"3,422"
2019-06-26,5055193,"412,267,229",82.0,82.1,81.3,81.4,-0.6,"2,095"
2019-06-27,19714137,"1,631,458,931",82.2,83.8,82.0,82.0,0.6,"6,322"
2019-06-28,8164024,"671,965,970",82.0,82.7,81.5,82.7,0.7,"2,424"
2019-07-01,5563139,"453,270,098",81.4,82.0,81.1,81.5,-1.2,"3,192"
2019-07-02,5432757,"441,397,477",81.3,81.5,80.9,81.3,-0.2,"3,062"
2019-07-03,4934884,"400,956,465",81.3,81.6,81.0,81.6,0.3,"2,746"
2019-07-04,3782439,"306,908,628",81.5,81.7,80.8,81.5,-0.1,"2,389"
2019-07-05,3018526,"246,374,046",81.5,82.0,81.3,82.0,0.5,"1,827"
2019-07-08,4593249,"374,126,036",81.6,81.8,81.2,81.8,-0.2,"1,963"
2019-07-09,5974443,"490,865,662",81.7,82.9,81.3,82.9,1.1,"3,130"
2019-07-10,6934064,"568,815,648",82.0,82.7,81.7,82.0,-0.9,"3,326"
2019-07-11,6345774,"524,695,304",82.7,83.0,82.1,83.0,1.0,"2,843"
2019-07-12,4943432,"405,805,700",82.1,82.3,82.0,82.0,-1.0,"1,820"
2019-07-15,4676451,"385,077,548",82.0,82.8,81.7,82.4,0.4,"2,275"
2019-07-16,4435191,"364,023,962",81.9,82.4,81.8,82.2,-0.2,"2,465"
2019-07-17,5667425,"464,640,436",81.6,82.3,81.5,82.2,0.0,"2,552"
2019-07-18,4322293,"353,027,985",81.6,82.1,81.2,81.2,-1.0,"2,014"
2019-07-19,5566766,"456,297,417",81.8,82.4,81.3,81.8,0.6,"2,335"
2019-07-22,4009804,"327,450,014",81.8,81.9,81.5,81.6,-0.2,"1,622"
2019-07-23,6533473,"531,141,713",81.7,81.7,80.9,80.9,-0.7,"3,103"
2019-07-24,8127988,"660,499,789",81.0,81.6,81.0,81.3,0.4,"2,692"
2019-07-25,12776542,"1,048,313,257",81.5,82.6,81.3,82.4,1.1,"5,195"
2019-07-26,5541709,"451,164,016",81.6,82.3,81.2,81.3,-1.1,"3,037"
2019-07-29,9542955,"767,498,122",81.0,81.1,79.6,80.3,-1.0,"3,860"
2019-07-30,5875838,"471,670,260",80.5,81.0,80.0,80.0,-0.3,"3,091"
2019-07-31,8836775,"712,867,172",80.0,81.0,80.0,80.8,0.8,"3,529"
2019-08-01,13926121,"1,080,763,699",78.3,78.3,77.1,77.1,X0.00,"6,219"
2019-08-02,8975847,"686,283,787",76.1,77.6,75.7,76.8,-0.30,"3,990"
2019-08-05,6970761,"533,689,362",76.1,77.5,76.0,77.0,+0.20,"3,411"
2019-08-06,8221123,"627,779,771",75.7,77.3,75.2,76.6,-0.40,"4,405"
2019-08-07,9499289,"728,622,265",76.0,77.3,75.8,76.7,+0.10,"4,821"
2019-08-08,7678925,"598,444,691",77.0,78.6,76.8,78.2,+1.50,"3,728"
2019-08-12,8048292,"634,880,172",79.5,79.5,78.0,78.3,+0.10,"3,704"
2019-08-13,7730126,"602,644,928",77.4,78.5,77.4,78.0,-0.30,"3,858"
2019-08-14,8245252,"640,667,456",78.0,78.1,77.5,77.7,-0.30,"3,522"
2019-08-15,7102959,"543,739,427",76.3,76.8,76.2,76.5,-1.20,"3,446"
2019-08-16,10758355,"830,399,041",76.1,77.9,76.1,77.5,+1.00,"3,787"
2019-08-19,6847846,"530,636,342",78.4,78.4,77.0,77.0,-0.50,"3,303"
2019-08-20,5897412,"456,114,722",77.0,78.0,76.8,77.8,+0.80,"2,584"
2019-08-21,7179841,"552,907,477",77.1,77.4,76.8,77.0,-0.80,"3,075"
2019-08-22,13531960,"1,028,827,788",76.5,76.8,75.6,75.9,-1.10,"5,255"
2019-08-23,6520343,"495,160,029",75.3,76.5,75.3,76.5,+0.60,"3,160"
2019-08-26,7087639,"534,978,364",75.5,76.3,75.0,75.8,-0.70,"3,392"
2019-08-27,13081645,"982,477,616",75.6,75.8,75.0,75.0,-0.80,"2,826"
2019-08-28,4942644,"371,933,668",75.4,75.6,75.0,75.2,+0.20,"2,456"
2019-08-29,6583563,"497,016,601",75.1,76.2,74.7,76.2,+1.00,"3,044"
2019-08-30,9382702,"715,298,452",76.2,76.6,75.6,76.6,+0.40,"3,656"
2019-09-02,1902574,"145,665,656",76.5,76.8,76.1,76.7,0.1,"1,247"
2019-09-03,5934321,"453,311,576",77.0,77.0,75.8,75.8,-0.9,"2,277"
2019-09-04,5937179,"455,126,283",76.5,76.9,76.1,76.6,0.8,"3,078"
2019-09-05,10887748,"843,818,149",77.3,78.1,76.9,77.5,0.9,"4,946"
2019-09-06,7570057,"585,866,371",77.1,77.7,77.0,77.1,-0.4,"2,905"
2019-09-09,4163519,"323,038,690",77.2,77.8,77.2,77.8,0.7,"2,433"
2019-09-10,6276752,"485,250,157",77.8,77.9,77.0,77.0,-0.8,"2,679"
2019-09-11,6518818,"501,264,086",77.7,77.7,76.3,76.8,-0.2,"2,922"
2019-09-12,5844661,"451,854,409",77.6,77.7,76.6,77.5,0.7,"2,517"
2019-09-16,7101767,"552,750,842",77.2,78.0,77.1,78.0,0.5,"3,665"
2019-09-17,12309244,"948,717,340",78.0,78.0,76.8,76.9,-1.1,"3,115"
2019-09-18,7949048,"613,667,374",77.0,77.6,76.9,77.0,0.1,"3,294"
2019-09-19,6760260,"519,525,209",77.0,77.3,76.6,76.6,-0.4,"2,171"
2019-09-20,12158403,"944,466,005",76.6,78.0,76.5,78.0,1.4,"2,111"
2019-09-23,6191569,"476,923,407",77.2,77.5,76.8,77.0,-1.0,"2,289"
2019-09-24,7802920,"596,828,644",76.8,76.8,76.2,76.5,-0.5,"2,844"
2019-09-25,12339180,"940,507,473",76.1,76.4,76.1,76.1,-0.4,"2,351"
2019-09-26,9324015,"708,547,164",76.0,76.5,75.8,75.8,-0.3,"3,354"
2019-09-27,6433888,"484,598,462",75.7,76.1,74.8,74.8,-1.0,"2,691"
2019-10-01,18592596,"1,374,362,004",74.8,75.0,73.2,73.2,-1.6,"8,254"
2019-10-02,11793083,"867,691,792",73.3,74.3,73.1,73.4,0.2,"4,039"
2019-10-03,7513787,"548,524,575",72.3,73.8,71.6,73.2,-0.2,"3,449"
2019-10-04,3936073,"288,819,174",72.9,73.6,72.9,73.6,0.4,"1,741"
2019-10-07,5405677,"395,742,517",73.0,73.5,72.7,73.5,-0.1,"2,082"
2019-10-08,8972747,"654,953,999",72.8,73.3,72.7,73.0,-0.5,"2,699"
2019-10-09,7935841,"574,249,202",72.6,72.7,72.0,72.0,-1.0,"3,769"
2019-10-14,16057557,"1,152,408,204",72.0,72.4,71.4,71.6,-0.4,"5,863"
2019-10-15,8715774,"629,765,533",72.0,72.8,71.8,72.4,0.8,"3,290"
2019-10-16,11702477,"843,715,700",72.4,72.6,71.6,72.4,0.0,"4,334"
2019-10-17,6760418,"487,496,234",72.4,72.5,72.0,72.3,-0.1,"3,746"
2019-10-18,27578556,"2,002,992,972",72.6,73.0,71.6,73.0,0.7,"4,811"
2019-10-21,10171237,"747,339,638",72.9,74.0,72.7,73.6,0.6,"3,342"
2019-10-22,11934873,"883,739,378",74.0,74.3,73.5,74.2,0.6,"3,923"
2019-10-23,8766695,"645,074,522",74.0,74.3,72.8,72.8,-1.4,"3,973"
2019-10-24,16528425,"1,224,358,048",73.5,74.3,73.1,74.2,1.4,"3,554"
2019-10-25,7993251,"593,178,324",74.5,74.9,74.0,74.1,-0.1,"2,792"
2019-10-28,8699320,"652,369,600",74.8,75.2,74.6,75.2,1.1,"4,155"
2019-10-29,11589519,"875,929,983",75.6,75.9,74.9,75.8,0.6,"3,749"
2019-10-30,9534988,"722,926,559",75.9,76.1,75.3,75.7,-0.1,"3,680"
2019-10-31,8917622,"672,351,954",76.4,76.4,74.9,75.2,-0.5,"3,148"
2019-11-01,10856043,"805,999,332",74.6,74.8,73.8,74.2,-1.0,"3,814"
2019-11-04,8626778,"654,718,600",75.0,76.4,74.7,76.4,2.2,"3,827"
2019-11-05,6205282,"470,308,432",76.5,76.9,75.3,76.0,-0.4,"2,720"
2019-11-06,10070803,"755,389,984",76.3,76.3,74.7,74.7,-1.3,"4,494"
2019-11-07,7294867,"541,919,555",74.7,75.1,74.0,74.4,-0.3,"3,652"
2019-11-08,11967967,"878,216,336",74.4,74.4,73.0,73.0,-1.4,"5,941"
2019-11-11,8296803,"606,839,410",73.1,73.6,72.9,73.2,0.2,"3,159"
2019-11-12,6034595,"443,431,306",73.8,73.9,73.0,73.4,0.2,"3,487"
2019-11-13,7340468,"535,625,614",72.9,73.4,72.8,73.0,-0.4,"3,771"
2019-11-14,8067981,"586,639,993",72.7,73.0,72.6,72.6,-0.4,"3,264"
2019-11-15,9207226,"670,620,891",73.4,73.4,72.5,73.0,0.4,"4,413"
2019-11-18,7398940,"544,736,017",73.0,74.0,72.9,73.9,0.9,"3,456"
2019-11-19,7170374,"528,492,426",73.2,74.1,73.0,74.0,0.1,"3,011"
2019-11-20,7121516,"528,317,906",74.0,74.4,73.8,74.3,0.3,"4,092"
2019-11-21,15460444,"1,128,138,271",73.0,73.4,72.3,73.0,-1.3,"5,062"
2019-11-22,8680339,"634,902,152",73.2,73.4,72.6,73.4,0.4,"3,100"
2019-11-25,7759609,"573,982,666",73.6,74.2,73.4,74.0,0.6,"3,099"
2019-11-26,28466574,"2,069,834,530",73.5,73.6,72.4,72.4,-1.6,"5,399"
2019-11-27,6935774,"505,145,591",72.7,73.1,72.6,72.8,0.4,"3,382"
2019-11-28,4877595,"356,422,735",72.8,73.3,72.8,72.9,0.1,"2,513"
2019-11-29,8233532,"598,171,756",72.9,73.1,72.4,72.5,-0.4,"3,016"
2019-12-02,11258076,"816,480,587",72.6,72.7,72.4,72.6,0.1,"2,870"
2019-12-03,3054872,"221,709,755",72.5,72.7,72.4,72.5,-0.1,"1,359"
2019-12-04,6717825,"485,251,425",72.4,72.5,72.1,72.2,-0.3,"3,415"
2019-12-05,12635598,"908,741,957",72.2,72.4,71.7,71.8,-0.4,"5,923"
2019-12-06,7244735,"526,195,055",72.0,72.8,72.0,72.7,0.9,"2,292"
2019-12-09,3698011,"268,637,682",72.7,72.9,72.4,72.4,-0.3,"2,001"
2019-12-10,8717095,"626,985,032",72.0,72.3,71.8,71.8,-0.6,"5,312"
2019-12-11,6208906,"450,176,390",71.9,72.8,71.9,72.8,1.0,"3,071"
2019-12-12,9256114,"673,823,052",72.8,73.2,72.5,72.5,-0.3,"4,629"
2019-12-13,10904520,"794,700,820",72.6,73.2,72.5,72.5,0.0,"3,795"
2019-12-16,9293850,"674,920,954",72.8,73.0,72.3,72.3,-0.2,"3,296"
2019-12-17,10395836,"754,287,236",72.3,72.8,72.2,72.6,0.3,"3,726"
2019-12-18,8924028,"653,158,130",72.6,73.5,72.6,73.5,0.9,"3,340"
2019-12-19,8520169,"625,996,962",73.5,73.7,73.2,73.5,0.0,"3,083"
2019-12-20,10891657,"805,325,218",73.5,74.1,73.4,74.1,0.6,"3,446"
2019-12-23,6252183,"465,860,333",74.1,74.9,74.1,74.9,0.8,"3,311"
2019-12-24,3440387,"257,273,737",74.6,75.0,74.5,74.6,-0.3,"1,933"
2019-12-25,1968422,"147,172,135",74.6,74.9,74.5,74.8,0.2,"1,146"
2019-12-26,2095671,"155,891,369",74.8,74.8,74.1,74.6,-0.2,"1,081"
2019-12-27,4158934,"310,033,552",74.8,74.8,74.4,74.6,0.0,"2,002"
2019-12-30,5201030,"387,524,616",74.5,74.6,74.3,74.6,0.0,"1,864"
2019-12-31,3719123,"276,275,997",74.0,74.6,74.0,74.2,-0.4,"2,101"
2020-01-02,4655355,"345,260,154",74.3,74.6,73.5,74.2,0.0,"3,446"
2020-01-03,4106135,"306,475,860",74.3,74.8,74.3,74.8,0.6,"2,629"
2020-01-06,6241361,"461,167,935",74.4,74.4,73.6,73.9,-0.9,"2,831"
2020-01-07,6383030,"468,478,384",73.7,74.0,73.1,73.4,-0.5,"3,114"
2020-01-08,5159215,"375,610,895",73.4,73.4,72.6,72.6,-0.8,"2,859"
2020-01-09,6308040,"462,169,838",72.7,73.8,72.6,73.4,0.8,"2,448"
2020-01-10,4231374,"312,761,876",73.3,74.4,73.3,74.0,0.6,"2,428"
2020-01-13,4507176,"335,654,393",74.1,74.8,74.1,74.6,0.6,"2,584"
2020-01-14,7371510,"548,447,715",74.5,74.7,74.1,74.4,-0.2,"3,041"
2020-01-15,6292051,"468,583,774",74.4,74.6,74.1,74.6,0.2,"2,971"
2020-01-16,9104708,"683,674,753",74.3,75.5,74.2,75.5,0.9,"4,678"
2020-01-17,6843898,"517,200,062",75.7,75.8,75.3,75.7,0.2,"4,431"
2020-01-20,5132787,"387,637,445",75.5,75.7,75.2,75.4,-0.3,"2,725"
2020-01-30,23689030,"1,735,472,383",75.4,75.4,71.8,72.0,-3.4,"9,450"
2020-01-31,11901409,"868,667,417",72.1,73.7,72.1,72.6,0.6,"5,326"
2020-02-03,7888011,"576,707,799",72.5,74.2,72.4,73.0,0.4,"3,577"
2020-02-04,9227245,"677,503,245",73.2,73.8,72.9,73.5,0.5,"2,789"
2020-02-05,9696908,"712,178,769",73.5,73.7,72.8,73.7,0.2,"3,204"
2020-02-06,4854050,"358,030,884",73.8,74.0,73.5,74.0,0.3,"2,550"
2020-02-07,6078371,"447,482,656",73.2,74.1,73.1,73.6,-0.4,"3,175"
2020-02-10,8362865,"623,526,595",73.8,75.0,73.4,75.0,1.4,"3,430"
2020-02-11,6537317,"489,255,675",74.8,75.3,74.3,74.6,-0.4,"3,548"
2020-02-12,9192875,"686,057,315",74.4,74.9,74.4,74.4,-0.2,"4,131"
2020-02-13,8706870,"647,540,959",74.3,74.7,74.1,74.5,0.1,"3,015"
2020-02-14,4469080,"331,872,925",74.1,74.6,74.1,74.2,-0.3,"2,356"
2020-02-17,3687800,"275,841,775",74.2,75.0,74.2,75.0,0.8,"1,695"
2020-02-18,6571254,"492,827,750",74.9,75.2,74.6,75.1,0.1,"3,092"
2020-02-19,6012958,"451,656,350",75.2,75.3,74.9,75.0,-0.1,"3,073"
2020-02-20,8024475,"596,206,774",75.0,75.0,74.0,74.0,-1.0,"4,350"
2020-02-21,4703263,"348,169,702",74.0,74.4,73.7,74.0,0.0,"2,337"
2020-02-24,18632439,"1,367,226,036",72.2,73.8,72.2,73.5,-0.5,"4,146"
2020-02-25,8383856,"615,232,242",73.0,73.6,72.8,73.5,0.0,"3,943"
2020-02-26,8791928,"641,597,243",72.8,73.3,72.8,73.0,-0.5,"3,334"
2020-02-27,10588934,"773,076,389",72.8,73.5,72.6,73.2,0.2,"3,865"
