Date,Volume,成交金額,Open,High,Low,Close,漲跌價差,成交筆數,min,max,RSV,K,D,Ma_5,Ma_10,Ma_20,Ma_60,Ma_120
2019-01-14,6245952,"446,062,045",71.5,72.0,70.8,71.3,0.2,"3,239",67.0,72.1,0.8431372549019611,33.61437908496732,44.53812636165577,,,,,
2019-01-15,10404084,"749,244,840",71.8,72.2,71.6,72.1,0.8,"3,665",67.0,72.2,0.9807692307692292,22.736509133567953,37.27092061895983,,,,,
2019-01-16,12537243,"909,063,493",72.3,73.0,71.8,73.0,0.9,"3,501",67.0,73.0,1.0,15.491006089045301,30.010949108988317,,,,,
2019-01-17,11319370,"823,531,529",73.0,73.4,71.8,72.9,-0.1,"5,387",69.0,73.4,0.8863636363636365,10.622791938151412,23.54823005204268,,,,,
2019-01-18,6172520,"446,203,368",72.9,72.9,72.1,72.1,-0.8,"3,004",70.1,73.4,0.606060606060604,7.283881494121142,18.1267805327355,72.28,,,,
2019-01-21,7979371,"577,149,281",72.1,72.8,71.8,72.8,0.7,"2,622",70.1,73.4,0.8181818181818162,5.128648268808034,13.794069778093009,72.58,,,,
2019-01-22,5850213,"425,461,296",72.8,72.9,72.3,72.9,0.1,"1,580",70.1,73.4,0.848484848484849,3.701927128700305,10.43002222829544,72.73999999999998,,,,
2019-01-23,3727348,"271,309,651",73.4,73.4,72.3,72.5,-0.4,"2,104",70.5,73.4,0.6896551724137917,2.6978364766048006,7.8526269777318936,72.63999999999999,,,,
2019-01-24,7382587,"532,345,270",72.3,72.5,71.6,72.4,-0.1,"3,526",70.8,73.4,0.6153846153846166,2.003685856198073,5.9029799372206195,72.53999999999999,,,,
2019-01-25,7497390,"549,120,770",72.4,73.5,72.2,73.3,0.9,"3,372",71.6,73.5,0.8947368421052619,1.6340361848338025,4.479998686425014,72.78,72.53,,,
2019-01-28,6629050,"480,781,202",72.8,73.0,72.2,72.5,-0.8,"3,292",71.6,73.5,0.4736842105263174,1.247252193397974,3.402416522082667,72.72,72.65,,,
2019-01-29,7458363,"541,156,908",72.2,73.1,72.2,72.5,0.0,"3,401",71.6,73.5,0.4736842105263174,0.9893961991074218,2.598076414424252,72.63999999999999,72.69,,,
2019-01-30,9971047,"720,176,690",72.2,73.0,71.9,71.9,-0.6,"3,805",71.6,73.5,0.15789473684211078,0.7122290450189848,1.9694606246224962,72.51999999999998,72.58,,,
2019-02-11,18326224,"1,337,703,023",73.3,73.5,72.2,72.5,0.6,"5,239",71.6,73.5,0.4736842105263174,0.6327141001880956,1.5238784498110292,72.53999999999999,72.53999999999999,,,
2019-02-12,8290705,"610,820,193",73.4,74.0,72.8,73.9,1.4,"4,471",71.6,74.0,0.9583333333333358,0.7412538445698422,1.2630035813973002,72.65999999999998,72.72,,,
2019-02-13,6308026,"460,279,386",74.2,74.2,72.6,72.7,-1.2,"3,141",71.6,74.2,0.42307692307692496,0.6351948707388697,1.0537340111778233,72.69999999999997,72.71000000000001,,,
2019-02-14,5268702,"385,055,946",72.3,73.5,72.3,73.0,0.3,"2,477",71.6,74.2,0.5384615384615389,0.6029504266464261,0.9034728163340242,72.79999999999998,72.72,,,
2019-02-15,4715703,"343,491,560",72.4,73.4,72.4,72.7,-0.3,"2,604",71.9,74.2,0.34782608695652095,0.5179089800831244,0.7749515375837243,72.95999999999997,72.74000000000001,,,
2019-02-18,14289349,"1,042,205,284",73.4,73.8,72.9,73.4,0.7,"2,227",71.9,74.2,0.652173913043479,0.562663957736576,0.7041890109680081,73.13999999999996,72.84,,,
2019-02-19,3031221,"222,982,739",73.7,73.7,73.2,73.6,0.2,"1,891",71.9,74.2,0.7391304347826047,0.6214861167519188,0.676621379562645,73.07999999999997,72.87000000000002,72.7,,
2019-02-20,8242325,"604,857,321",73.7,73.9,72.8,73.4,-0.2,"3,806",71.9,74.2,0.652173913043479,0.6317153821824388,0.661652713769243,73.21999999999997,72.96000000000001,72.805,,
2019-02-21,7399340,"546,878,660",73.2,74.2,73.2,74.2,0.8,"4,416",72.2,74.2,1.0,0.7544769214549591,0.6925941163311483,73.45999999999997,73.13000000000002,72.91000000000001,,
2019-02-22,6037521,"450,397,742",74.0,75.0,73.8,75.0,0.8,"3,511",72.3,75.0,1.0,0.8363179476366394,0.7405020600996453,73.91999999999997,73.44000000000003,73.01000000000002,,
2019-02-25,5652867,"419,403,171",74.4,74.7,73.5,74.4,-0.6,"2,402",72.3,75.0,0.7777777777777801,0.8168045576836862,0.7659362259609922,74.11999999999998,73.63000000000002,73.08500000000001,,
2019-02-26,4341730,"322,938,862",73.9,74.8,73.9,74.5,0.1,"2,052",72.3,75.0,0.814814814814815,0.8161413100607291,0.7826712539942378,74.29999999999998,73.69000000000003,73.20500000000001,,
2019-02-27,8259277,"618,412,930",74.5,75.0,74.1,75.0,0.5,"3,316",72.4,75.0,1.0,0.8774275400404861,0.8142566826763205,74.61999999999998,73.92000000000002,73.31500000000003,,
2019-03-04,11995239,"874,469,374",73.5,74.2,72.5,72.5,-2.5,"6,637",72.5,75.0,0.0,0.584951693360324,0.737821686237655,74.27999999999999,73.87000000000002,73.29500000000002,,
2019-03-05,4913723,"356,309,799",72.5,73.0,72.3,72.6,0.1,"2,611",72.3,75.0,0.11111111111110994,0.42700483261058597,0.6342160683619653,73.79999999999998,73.86000000000001,73.30000000000001,,
2019-03-06,3605951,"263,786,645",72.5,73.4,72.5,73.3,0.7,"2,060",72.3,75.0,0.37037037037036996,0.408126678530514,0.5588529384181482,73.57999999999997,73.85000000000001,73.345,,
2019-03-07,5557314,"407,251,360",73.5,73.7,73.0,73.1,-0.2,"2,451",72.3,75.0,0.29629629629629495,0.37084988445244094,0.49618525376291245,73.29999999999998,73.80000000000001,73.33500000000001,,
2019-03-08,8862429,"637,022,989",72.3,72.4,71.5,71.7,-1.4,"4,473",71.5,75.0,0.05714285714285795,0.2662808753492466,0.41955046095835713,72.63999999999997,73.63000000000002,73.295,,
2019-03-11,5918092,"429,178,474",72.5,72.9,72.1,72.5,0.8,"2,672",71.5,75.0,0.2857142857142857,0.27275867880425964,0.3706198669069912,72.63999999999997,73.46000000000001,73.295,,
2019-03-12,5614906,"409,286,070",72.5,73.3,72.2,72.5,0.0,"3,132",71.5,75.0,0.2857142857142857,0.27707721444093497,0.33943898275163914,72.61999999999998,73.21000000000001,73.325,,
2019-03-13,3985644,"287,218,405",72.2,72.7,71.8,71.9,-0.6,"2,517",71.5,75.0,0.1142857142857159,0.22281338105586193,0.3005637821863801,72.33999999999997,72.96000000000001,73.295,,
2019-03-14,5840632,"422,119,369",71.9,72.6,71.9,72.3,0.4,"2,640",71.5,74.2,0.29629629629629495,0.24730768613600626,0.2828117501695888,72.17999999999998,72.74000000000001,73.215,,
2019-03-15,18189734,"1,333,083,972",72.5,74.2,72.4,73.3,1.0,"6,003",71.5,74.2,0.666666666666665,0.38709401297955914,0.3175725044395789,72.49999999999997,72.57000000000001,73.24499999999999,,
2019-03-18,3190154,"234,187,797",73.4,73.6,73.0,73.6,0.3,"1,413",71.5,74.2,0.7777777777777749,0.5173219345789644,0.38415564781937406,72.71999999999998,72.68,73.27499999999999,,
2019-03-19,3511462,"258,201,036",73.6,73.9,73.2,73.5,-0.1,"1,835",71.5,74.2,0.7407407407407399,0.5917948699662228,0.45336872186832355,72.91999999999999,72.77000000000001,73.31499999999998,,
2019-03-20,3767145,"277,063,448",73.3,73.7,73.3,73.6,0.1,"1,782",71.5,74.2,0.7777777777777749,0.6537891725700735,0.5201755387689069,73.25999999999999,72.80000000000001,73.32499999999997,,
2019-03-21,4577794,"336,509,634",73.6,73.7,73.2,73.5,-0.1,"2,178",71.8,74.2,0.7083333333333328,0.6719705594911599,0.5707738790096578,73.49999999999999,72.84,73.31999999999998,,
2019-03-22,3494646,"257,129,701",73.5,73.9,73.3,73.9,0.4,"1,864",71.8,74.2,0.8750000000000014,0.7396470396607737,0.6270649325600297,73.61999999999999,73.06,73.34499999999998,,
2019-03-25,3757540,"277,726,938",73.3,74.2,73.0,74.2,0.3,"1,948",71.8,74.2,1.0,0.8264313597738491,0.6935204082979695,73.73999999999998,73.23,73.34499999999998,,
2019-03-26,3405159,"253,280,234",73.9,74.8,73.8,74.8,0.6,"2,022",71.9,74.8,1.0,0.8842875731825659,0.7571094632595016,73.99999999999999,73.46000000000001,73.33499999999998,,
2019-03-27,4740634,"353,419,322",73.6,75.2,73.6,74.7,-0.1,"2,443",72.4,75.2,0.8214285714285713,0.8633345725979009,0.792517833038968,74.21999999999998,73.74000000000001,73.34999999999998,,
2019-03-28,11136732,"824,369,562",73.8,74.6,73.2,74.6,-0.1,"4,101",73.0,75.2,0.7272727272727237,0.8179806241561751,0.8010054300780369,74.43999999999998,73.97000000000001,73.35499999999998,,
2019-03-29,11067099,"826,382,664",74.8,75.0,74.0,74.8,0.2,"4,063",73.0,75.2,0.8181818181818158,0.8180476888313887,0.8066861829958208,74.61999999999998,74.12000000000002,73.34499999999997,,
2019-04-01,7023008,"526,090,568",75.0,75.3,74.6,75.0,0.2,"3,373",73.0,75.3,0.8695652173913054,0.835220198351361,0.8161975214476676,74.77999999999999,74.26000000000002,73.46999999999997,,
2019-04-02,6443770,"483,250,992",75.1,75.2,74.4,75.1,0.1,"2,670",73.0,75.3,0.9130434782608682,0.8611612916545299,0.8311854448499549,74.83999999999997,74.42000000000002,73.59499999999997,,
2019-04-03,7360487,"552,233,896",75.1,75.3,74.6,75.0,-0.1,"2,802",73.0,75.3,0.8695652173913054,0.8639626002334551,0.8421111633111216,74.89999999999998,74.56000000000002,73.67999999999998,,
2019-04-08,25515483,"1,888,875,584",74.4,74.8,73.5,74.1,-0.9,"5,188",73.0,75.3,0.4782608695652155,0.7353953566773752,0.8065392277665394,74.79999999999998,74.62000000000002,73.72999999999998,,
2019-04-09,6397034,"471,823,268",73.5,74.2,73.5,73.9,-0.2,"2,919",73.2,75.3,0.3333333333333356,0.601374682229362,0.7381510459208136,74.61999999999998,74.62000000000002,73.83999999999997,,
2019-04-10,9122649,"670,906,081",73.4,74.0,73.3,73.5,-0.4,"3,989",73.2,75.3,0.14285714285714188,0.4485355024386219,0.6416125314267497,74.31999999999996,74.55000000000001,73.88999999999997,,
2019-04-11,13979872,"1,021,287,527",73.2,73.5,72.3,72.4,-1.1,"4,228",72.3,75.3,0.03333333333333618,0.31013477940352663,0.5311199474190087,73.77999999999997,74.31000000000002,73.88499999999998,,
2019-04-12,5384100,"393,740,265",73.3,73.5,72.7,73.5,1.1,"2,298",72.3,75.3,0.40000000000000097,0.3400898529356847,0.4674432492579007,73.47999999999998,74.19000000000001,73.96499999999997,,
2019-04-15,5943399,"437,206,529",73.7,73.9,73.1,73.6,0.1,"2,660",72.3,75.3,0.4333333333333324,0.37117101306823397,0.43535250386134505,73.37999999999997,74.09,74.02999999999997,,
2019-04-16,7029862,"517,586,387",73.4,73.8,73.3,73.6,0.0,"3,003",72.3,75.3,0.4333333333333324,0.3918917864899334,0.4208655980708745,73.31999999999998,73.97000000000001,74.04499999999997,,
2019-04-17,8243300,"601,726,700",73.3,73.4,72.8,72.8,-0.8,"3,345",72.3,75.3,0.16666666666666666,0.3168167465488445,0.38618264756353116,73.17999999999998,73.75000000000001,74.00499999999997,,
2019-04-18,21730076,"1,551,534,506",72.6,72.6,71.0,71.1,-1.7,"8,284",71.0,74.8,0.026315789473682735,0.21998309419045722,0.3307827964391732,72.91999999999999,73.35000000000001,73.88499999999996,,
2019-04-19,2881127,"206,329,644",71.3,71.9,71.3,71.6,0.5,"2,002",71.0,74.2,0.18749999999999806,0.20915539612697082,0.29024032966843905,72.53999999999999,73.01000000000002,73.78499999999997,,
2019-04-22,1551681,"111,467,831",72.0,72.1,71.6,71.7,0.1,"1,226",71.0,74.0,0.23333333333333428,0.21721470852909194,0.26589845595532335,72.16,72.77000000000001,73.69499999999996,73.23833333333336,
2019-04-23,6121894,"440,400,026",71.6,72.3,71.5,72.0,0.3,"2,479",71.0,73.9,0.34482758620689585,0.2597523344216932,0.2638497487774466,71.83999999999999,72.58000000000001,73.59999999999997,73.25000000000001,
2019-04-24,11778228,"847,753,650",71.9,72.3,71.8,72.0,0.0,"2,855",71.0,73.9,0.34482758620689585,0.2881107516834274,0.2719367497461068,71.67999999999998,72.43000000000002,73.48999999999997,73.24833333333335,
2019-04-25,12248001,"875,352,642",71.9,71.9,71.3,71.4,-0.6,"3,719",71.0,73.9,0.1379310344827603,0.2380508459498717,0.2606414484806951,71.73999999999998,72.33000000000001,73.31999999999996,73.22166666666666,
2019-04-26,5155082,"369,360,754",71.2,72.1,71.0,72.0,0.6,"2,003",71.0,73.8,0.3571428571428575,0.27774818301420023,0.2663436933251968,71.81999999999998,72.18000000000002,73.18499999999997,73.20666666666668,
2019-04-29,4917238,"357,041,593",72.2,72.9,72.1,72.8,0.8,"2,626",71.0,73.4,0.749999999999997,0.43516545534279916,0.3226176139977309,72.03999999999999,72.10000000000001,73.09499999999997,73.21833333333333,
2019-04-30,8720472,"636,419,420",72.3,73.4,72.3,73.4,0.6,"3,493",71.0,73.4,1.0,0.6234436368951994,0.4228929549635537,72.31999999999998,72.08000000000001,73.02499999999998,73.22833333333332,
2019-05-02,8121361,"596,493,573",73.4,73.7,73.0,73.7,0.3,"3,133",71.0,73.7,1.0,0.7489624245967996,0.5315827781746356,72.65999999999998,72.17000000000002,72.95999999999998,73.24166666666666,
2019-05-03,5309979,"390,576,526",73.7,73.8,73.1,73.8,0.1,"2,507",71.0,73.8,1.0,0.8326416163978664,0.6319357242490459,73.13999999999999,72.44000000000001,72.89499999999998,73.26333333333334,
2019-05-06,7498423,"544,112,780",72.3,73.1,72.1,73.1,-0.7,"2,651",71.0,73.8,0.7499999999999988,0.8050944109319105,0.6896552864766674,73.35999999999999,72.59,72.79999999999998,73.27500000000002,
2019-05-07,8500909,"626,374,980",73.1,74.0,72.8,74.0,0.9,"3,279",71.0,74.0,1.0,0.8700629406212737,0.7497911711915362,73.6,72.82000000000001,72.79499999999999,73.28666666666668,
2019-05-08,25523728,"1,955,084,628",79.0,79.0,75.0,76.4,2.4,"11,363",71.0,79.0,0.6750000000000007,0.8050419604141826,0.7682081009324182,74.2,73.26,72.91999999999999,73.35166666666667,
2019-05-09,20832968,"1,582,276,730",75.7,76.8,74.5,76.5,0.1,"10,193",71.0,79.0,0.6875,0.7658613069427883,0.7674258362692082,74.76,73.71000000000001,73.06999999999998,73.41833333333334,
2019-05-10,15623588,"1,204,886,576",76.4,77.8,76.0,77.3,0.8,"7,931",72.1,79.0,0.7536231884057969,0.7617819340971245,0.7655445355451802,75.46000000000001,74.3,73.31499999999997,73.50833333333335,
2019-05-13,10579630,"819,404,099",77.0,78.2,76.8,77.7,0.4,"5,784",72.1,79.0,0.8115942028985513,0.7783860236976,0.7698250315959867,76.38,74.87,73.52499999999998,73.59500000000001,
2019-05-14,13693169,"1,066,468,082",77.8,78.2,77.1,78.2,0.5,"7,186",72.1,79.0,0.8840579710144932,0.8136100061365643,0.7844200231095125,77.22,75.41000000000001,73.75499999999998,73.66666666666669,
2019-05-15,9011399,"701,161,407",77.4,78.2,77.1,77.7,-0.5,"4,412",72.1,79.0,0.8115942028985513,0.8129380717238933,0.793926039314306,77.47999999999999,75.84000000000002,73.96,73.75000000000001,
2019-05-16,8956263,"691,054,905",77.3,77.8,76.7,76.8,-0.9,"4,595",72.1,79.0,0.6811594202898549,0.7690118545792137,0.7856213110692751,77.53999999999999,76.15,74.16,73.81333333333335,
2019-05-17,14417392,"1,132,640,798",77.8,79.2,77.2,78.8,2.0,"6,981",72.8,79.2,0.9374999999999992,0.8251745697194754,0.7988057306193418,77.84,76.65,74.54499999999999,73.91500000000002,
2019-05-20,12206669,"972,390,409",78.2,80.0,78.2,80.0,1.2,"6,504",74.5,80.0,1.0,0.8834497131463168,0.8270203914616667,78.3,77.34,74.965,74.02500000000003,
2019-05-21,15459628,"1,253,627,268",80.1,81.5,80.1,81.4,1.4,"8,150",74.5,81.5,0.9857142857142865,0.9175379040023067,0.8571928956418801,78.94,78.08000000000001,75.45,74.15500000000002,
2019-05-22,9160993,"729,063,139",81.0,81.0,79.4,79.5,-1.9,"4,795",76.0,81.5,0.6363636363636364,0.82381314812275,0.8460663131355033,79.3,78.39000000000001,75.825,74.25666666666669,
2019-05-23,10275372,"823,291,109",80.7,80.7,79.7,80.0,0.5,"5,310",76.7,81.5,0.6874999999999998,0.7783754320818332,0.8235026861176131,79.94,78.74000000000001,76.225,74.35333333333337,
2019-05-24,6869544,"549,163,884",80.5,81.0,79.2,80.0,0.0,"3,707",76.7,81.5,0.6874999999999998,0.7480836213878888,0.7983629978743716,80.17999999999999,79.01000000000002,76.655,74.4366666666667,
2019-05-27,7562555,"609,677,850",80.0,81.4,79.6,80.9,0.9,"4,005",76.7,81.5,0.8750000000000011,0.7903890809252595,0.7957050255580008,80.35999999999999,79.33000000000001,77.1,74.54500000000003,
2019-05-28,20598847,"1,674,898,707",81.0,81.4,80.8,81.4,0.5,"4,089",76.7,81.5,0.9791666666666679,0.8533149428390623,0.8149083313183545,80.35999999999999,79.65,77.53,74.66000000000003,
2019-05-29,8069687,"653,182,487",81.4,81.5,80.4,81.0,-0.4,"3,990",77.2,81.5,0.883720930232558,0.8634502719702275,0.8310889782023121,80.66,79.97999999999999,77.91,74.76000000000002,
2019-05-30,9830101,"788,932,690",79.7,80.8,79.7,80.1,-0.9,"4,015",78.2,81.5,0.5757575757575737,0.7675527065660095,0.8099102209902111,80.67999999999999,80.31,78.22999999999999,74.8866666666667,
2019-05-31,12592431,"1,014,559,551",80.3,81.4,79.7,81.3,1.2,"6,196",79.2,81.5,0.9130434782608682,0.8160496304642957,0.811956690814906,80.94,80.56,78.60499999999999,75.0316666666667,
2019-06-03,4951860,"401,502,366",81.7,81.7,80.4,80.9,-0.4,"3,121",79.2,81.7,0.6800000000000012,0.7706997536428641,0.7982043784242253,80.94000000000001,80.65,78.995,75.15833333333335,
2019-06-04,5594221,"451,369,580",80.5,81.0,80.5,80.9,0.0,"2,652",79.2,81.7,0.6800000000000012,0.7404665024285764,0.7789584197590089,80.84,80.6,79.34,75.28833333333334,
2019-06-05,5914827,"480,461,632",81.0,81.5,80.6,81.5,0.6,"3,100",79.2,81.7,0.9199999999999988,0.8003110016190504,0.7860759470456893,80.94000000000001,80.8,79.595,75.45166666666667,
2019-06-06,5519941,"447,514,711",80.8,81.4,80.6,81.2,-0.3,"2,504",79.6,81.7,0.7619047619047629,0.7875089217142879,0.7865536052685554,81.16000000000001,80.92,79.83000000000001,75.59666666666666,
2019-06-10,7642122,"624,348,517",81.7,82.0,80.8,82.0,0.8,"3,340",79.7,82.0,1.0,0.8583392811428585,0.8104821638933231,81.30000000000001,81.12,80.06500000000001,75.75500000000001,
2019-06-11,8176450,"659,558,288",82.0,82.0,80.4,80.6,-1.4,"3,689",79.7,82.0,0.39130434782608375,0.7026609700372669,0.7745417659413043,81.24000000000001,81.09,80.21000000000001,75.90000000000002,
2019-06-12,6180446,"498,051,080",81.0,81.2,80.3,80.3,-0.3,"3,574",79.7,82.0,0.26086956521738913,0.5553971684306409,0.7014935667710831,81.12,80.98,80.315,76.03333333333335,
2019-06-13,18637934,"1,517,140,155",81.0,81.8,80.4,81.8,1.5,"3,119",79.7,82.0,0.9130434782608682,0.6746126050407166,0.6925332461942942,81.18,81.06,80.52,76.17500000000001,
2019-06-14,6276019,"506,888,602",80.9,81.2,80.6,80.6,-1.2,"2,443",80.3,82.0,0.17647058823529216,0.5085652661055751,0.6312105861647211,81.06,81.11,80.71,76.29166666666669,
2019-06-17,7057468,"566,413,818",80.3,80.8,79.8,79.9,-0.7,"3,070",79.8,82.0,0.04545454545454927,0.35419502588856644,0.5388720660726696,80.64000000000001,80.97,80.765,76.39833333333334,
2019-06-18,5480354,"440,550,901",80.3,81.0,80.0,80.4,0.5,"2,621",79.8,82.0,0.27272727272727626,0.32703910816813636,0.4682610801044918,80.6,80.92,80.785,76.51166666666667,
2019-06-19,12415994,"1,002,449,189",80.5,81.2,80.2,81.2,0.8,"5,290",79.8,82.0,0.6363636363636381,0.4301472842333036,0.4555564814807624,80.78,80.95000000000002,80.775,76.64,
2019-06-20,8706096,"712,533,502",82.0,82.1,81.5,81.8,0.6,"3,850",79.8,82.1,0.8695652173913054,0.5766199286193041,0.4959109638602763,80.78,80.98,80.89,76.77166666666668,
2019-06-21,16304627,"1,336,262,603",82.1,82.3,81.0,82.3,0.5,"3,830",79.8,82.3,1.0,0.7177466190795361,0.5698561822666962,81.12,81.09,81.005,76.90666666666668,
2019-06-24,5186698,"424,968,259",81.3,82.3,81.3,82.2,-0.1,"2,832",79.8,82.3,0.9600000000000023,0.7984977460530247,0.646070036862139,81.58,81.11,81.115,77.03,
2019-06-25,6130433,"501,373,046",81.2,82.2,81.2,82.0,-0.2,"3,422",79.8,82.3,0.8800000000000011,0.8256651640353501,0.7059350792532093,81.9,81.25,81.16999999999999,77.15166666666667,
2019-06-26,5055193,"412,267,229",82.0,82.1,81.3,81.4,-0.6,"2,095",79.8,82.3,0.6400000000000035,0.7637767760235679,0.7252156448433288,81.94,81.36,81.16999999999999,77.265,
2019-06-27,19714137,"1,631,458,931",82.2,83.8,82.0,82.0,0.6,"6,322",79.8,83.8,0.5500000000000007,0.6925178506823788,0.7143163801230121,81.97999999999999,81.38000000000001,81.22,77.38499999999999,
2019-06-28,8164024,"671,965,970",82.0,82.7,81.5,82.7,0.7,"2,424",80.0,83.8,0.710526315789475,0.6985206723847441,0.7090511442102561,82.05999999999999,81.59,81.35,77.51333333333332,
2019-07-01,5563139,"453,270,098",81.4,82.0,81.1,81.5,-1.2,"3,192",80.2,83.8,0.3611111111111109,0.5860508186268664,0.6680510356824595,81.91999999999999,81.75000000000001,81.36,77.61999999999998,
2019-07-02,5432757,"441,397,477",81.3,81.5,80.9,81.3,-0.2,"3,062",80.9,83.8,0.1379310344827561,0.4366775572454963,0.5909265428701385,81.78,81.84,81.38,77.72499999999998,
2019-07-03,4934884,"400,956,465",81.3,81.6,81.0,81.6,0.3,"2,746",80.9,83.8,0.24137931034482438,0.3715781416119389,0.5178104091174053,81.82000000000001,81.88000000000001,81.41499999999999,77.84999999999998,
2019-07-04,3782439,"306,908,628",81.5,81.7,80.8,81.5,-0.1,"2,389",80.8,83.8,0.23333333333333428,0.32549653885240404,0.45370578569573816,81.72,81.85000000000001,81.41499999999999,77.97666666666666,
2019-07-05,3018526,"246,374,046",81.5,82.0,81.3,82.0,0.5,"1,827",80.8,83.8,0.40000000000000097,0.350331025901603,0.4192475324310264,81.58000000000001,81.82000000000002,81.45499999999998,78.11833333333333,
2019-07-08,4593249,"374,126,036",81.6,81.8,81.2,81.8,-0.2,"1,963",80.8,83.8,0.3333333333333333,0.34466512837884644,0.39438673108029976,81.64000000000001,81.78,81.44499999999998,78.275,
2019-07-09,5974443,"490,865,662",81.7,82.9,81.3,82.9,1.1,"3,130",80.8,83.8,0.7000000000000028,0.46311008558589856,0.4172945159154993,81.96000000000001,81.87,81.55999999999999,78.43166666666666,
2019-07-10,6934064,"568,815,648",82.0,82.7,81.7,82.0,-0.9,"3,326",80.8,82.9,0.5714285714285705,0.49921624753345584,0.4446017597881515,82.04,81.93,81.645,78.57166666666666,
2019-07-11,6345774,"524,695,304",82.7,83.0,82.1,83.0,1.0,"2,843",80.8,83.0,1.0,0.6661441650223039,0.5184492281995356,82.34,82.03,81.705,78.72833333333331,
2019-07-12,4943432,"405,805,700",82.1,82.3,82.0,82.0,-1.0,"1,820",80.8,83.0,0.5454545454545461,0.6259142918330513,0.5542709160773742,82.34,81.96000000000001,81.775,78.88166666666665,
2019-07-15,4676451,"385,077,548",82.0,82.8,81.7,82.4,0.4,"2,275",80.8,83.0,0.7272727272727302,0.6597004369796109,0.589414089711453,82.46000000000001,82.05,81.9,79.06999999999996,
2019-07-16,4435191,"364,023,962",81.9,82.4,81.8,82.2,-0.2,"2,465",80.8,83.0,0.6363636363636381,0.6519215034409533,0.6102498942879531,82.32000000000001,82.14000000000001,81.99,79.24666666666663,
2019-07-17,5667425,"464,640,436",81.6,82.3,81.5,82.2,0.0,"2,552",81.2,83.0,0.5555555555555565,0.6197995208124877,0.6134331031294646,82.36,82.20000000000002,82.03999999999999,79.42166666666662,76.32999999999998
2019-07-18,4322293,"353,027,985",81.6,82.1,81.2,81.2,-1.0,"2,014",81.2,83.0,0.0,0.41319968054165845,0.5466886289335292,82.0,82.17000000000002,82.01,79.57499999999996,76.4125
2019-07-19,5566766,"456,297,417",81.8,82.4,81.3,81.8,0.6,"2,335",81.2,83.0,0.3333333333333307,0.38657756480554917,0.4933182742242025,81.96000000000001,82.15,81.985,79.73833333333329,76.49333333333333
2019-07-22,4009804,"327,450,014",81.8,81.9,81.5,81.6,-0.2,"1,622",81.2,83.0,0.22222222222221782,0.3317924506111054,0.4394763330198368,81.8,82.13000000000002,81.955,79.9083333333333,76.565
2019-07-23,6533473,"531,141,713",81.7,81.7,80.9,80.9,-0.7,"3,103",80.9,83.0,0.0,0.22119496707407027,0.36671587770458125,81.53999999999999,81.93000000000002,81.9,80.05666666666663,76.63166666666666
2019-07-24,8127988,"660,499,789",81.0,81.6,81.0,81.3,0.4,"2,692",80.9,82.8,0.21052631578947015,0.21763874997920357,0.31702350179612204,81.36,81.86000000000001,81.895,80.1983333333333,76.70833333333331
2019-07-25,12776542,"1,048,313,257",81.5,82.6,81.3,82.4,1.1,"5,195",80.9,82.8,0.7894736842105299,0.40825039472297897,0.34743246610507433,81.60000000000001,81.80000000000001,81.91499999999999,80.3483333333333,76.78833333333333
2019-07-26,5541709,"451,164,016",81.6,82.3,81.2,81.3,-1.1,"3,037",80.9,82.6,0.23529411764705538,0.35059830236433775,0.34848774485816214,81.50000000000001,81.73,81.845,80.47499999999997,76.85833333333332
2019-07-29,9542955,"767,498,122",81.0,81.1,79.6,80.3,-1.0,"3,860",79.6,82.6,0.23333333333333428,0.31150997935400326,0.3361618230234425,81.24000000000001,81.52000000000001,81.785,80.5833333333333,76.92333333333332
2019-07-30,5875838,"471,670,260",80.5,81.0,80.0,80.0,-0.3,"3,091",79.6,82.6,0.13333333333333522,0.25211776401378055,0.3081471366868885,81.06000000000002,81.3,81.72,80.6983333333333,76.98666666666665
2019-07-31,8836775,"712,867,172",80.0,81.0,80.0,80.8,0.8,"3,529",79.6,82.6,0.40000000000000097,0.30141184267585397,0.3059020386832103,80.96000000000001,81.16,81.67999999999999,80.81166666666664,77.04916666666665
2019-08-01,13926121,"1,080,763,699",78.3,78.3,77.1,77.1,X0.00,"6,219",77.1,82.6,0.0,0.2009412284505693,0.2709151019389966,79.90000000000002,80.74999999999999,81.46,80.82333333333331,77.08749999999999
2019-08-02,8975847,"686,283,787",76.1,77.6,75.7,76.8,-0.30,"3,990",75.7,82.6,0.15942028985507184,0.18710091558540348,0.2429770398211322,79.00000000000003,80.24999999999999,81.19999999999999,80.82833333333332,77.1233333333333
2019-08-05,6970761,"533,689,362",76.1,77.5,76.0,77.0,+0.20,"3,411",75.7,82.6,0.18840579710144909,0.187535876090752,0.22449665191100546,78.34000000000002,79.78999999999999,80.96,80.82333333333331,77.16583333333331
2019-08-06,8221123,"627,779,771",75.7,77.3,75.2,76.6,-0.40,"4,405",75.2,82.6,0.18918918918918826,0.18808698045689742,0.2123600947596361,77.66000000000001,79.35999999999999,80.64499999999998,80.80499999999999,77.19999999999999
2019-08-07,9499289,"728,622,265",76.0,77.3,75.8,76.7,+0.10,"4,821",75.2,82.3,0.21126760563380298,0.19581385551586591,0.20684468167837936,76.84,78.9,80.37999999999998,80.77999999999999,77.22333333333333
2019-08-08,7678925,"598,444,691",77.0,78.6,76.8,78.2,+1.50,"3,728",75.2,81.1,0.5084745762711872,0.3000340957676396,0.23790781970813277,77.06000000000002,78.48,80.13999999999999,80.78833333333333,77.26916666666666
2019-08-12,8048292,"634,880,172",79.5,79.5,78.0,78.3,+0.10,"3,704",75.2,81.0,0.534482758620689,0.3781836500519894,0.2846664298227516,77.36000000000001,78.18,79.95499999999998,80.81333333333332,77.31333333333332
2019-08-13,7730126,"602,644,928",77.4,78.5,77.4,78.0,-0.30,"3,858",75.2,81.0,0.4827586206896549,0.41304197359787787,0.3274582777477937,77.56000000000002,77.95000000000002,79.73499999999999,80.79999999999998,77.35749999999999
2019-08-14,8245252,"640,667,456",78.0,78.1,77.5,77.7,-0.30,"3,522",75.2,79.5,0.5813953488372097,0.4691597653443218,0.37469210694663635,77.78000000000002,77.72000000000001,79.50999999999998,80.76166666666664,77.39333333333333
2019-08-15,7102959,"543,739,427",76.3,76.8,76.2,76.5,-1.20,"3,446",75.2,79.5,0.3023255813953484,0.413548370694664,0.38764419486264556,77.74000000000002,77.29000000000002,79.22499999999998,80.67999999999999,77.41749999999999
2019-08-16,10758355,"830,399,041",76.1,77.9,76.1,77.5,+1.00,"3,787",75.2,79.5,0.5348837209302323,0.45399348743985335,0.4097606257217148,77.60000000000002,77.33000000000001,79.03999999999998,80.64666666666666,77.45166666666665
2019-08-19,6847846,"530,636,342",78.4,78.4,77.0,77.0,-0.50,"3,303",75.2,79.5,0.41860465116279033,0.4421972086808323,0.4205728200414206,77.34000000000002,77.35000000000002,78.79999999999998,80.59666666666665,77.47499999999998
2019-08-20,5897412,"456,114,722",77.0,78.0,76.8,77.8,+0.80,"2,584",75.8,79.5,0.5405405405405401,0.47497831930073486,0.438707986461192,77.30000000000003,77.43000000000002,78.60999999999999,80.55999999999999,77.4983333333333
2019-08-21,7179841,"552,907,477",77.1,77.4,76.8,77.0,-0.80,"3,075",76.1,79.5,0.2647058823529424,0.404887506984804,0.427434493302396,77.16000000000003,77.47000000000001,78.41499999999998,80.49499999999999,77.51999999999998
2019-08-22,13531960,"1,028,827,788",76.5,76.8,75.6,75.9,-1.10,"5,255",75.6,79.5,0.07692307692307973,0.29556603029756257,0.38347833896745154,77.04000000000003,77.39000000000001,78.14499999999998,80.40333333333334,77.53166666666665
2019-08-23,6520343,"495,160,029",75.3,76.5,75.3,76.5,+0.60,"3,160",75.3,78.5,0.37500000000000056,0.3220440201983752,0.3630002327110927,76.84000000000003,77.22,77.84999999999998,80.32833333333333,77.54416666666664
2019-08-26,7087639,"534,978,364",75.5,76.3,75.0,75.8,-0.70,"3,392",75.0,78.4,0.2352941176470576,0.29312738601460264,0.3397092838122627,76.60000000000004,76.97,77.57499999999997,80.25666666666666,77.57166666666664
2019-08-27,13081645,"982,477,616",75.6,75.8,75.0,75.0,-0.80,"2,826",75.0,78.4,0.0,0.19541825734306842,0.29161227498919795,76.04000000000003,76.67,77.30999999999997,80.15166666666666,77.59166666666664
2019-08-28,4942644,"371,933,668",75.4,75.6,75.0,75.2,+0.20,"2,456",75.0,78.4,0.05882352941176544,0.14988668136596742,0.2443704104481211,75.68000000000004,76.42,77.06999999999998,80.05666666666666,77.60749999999999
2019-08-29,6583563,"497,016,601",75.1,76.2,74.7,76.2,+1.00,"3,044",74.7,78.4,0.4054054054054051,0.2350595893791133,0.2412668034251185,75.74000000000004,76.39000000000001,76.83999999999999,79.97833333333332,77.63333333333331
2019-08-30,9382702,"715,298,452",76.2,76.6,75.6,76.6,+0.40,"3,656",74.7,78.0,0.5757575757575737,0.34862558483860007,0.27705306389627904,75.76000000000003,76.30000000000001,76.81499999999998,79.89666666666668,77.67416666666665
2019-09-02,1902574,"145,665,656",76.5,76.8,76.1,76.7,0.1,"1,247",74.7,77.4,0.7407407407407399,0.47933063680598,0.344478921532846,75.94000000000003,76.27000000000001,76.80999999999999,79.82166666666667,77.70916666666666
2019-09-03,5934321,"453,311,576",77.0,77.0,75.8,75.8,-0.9,"2,277",74.7,77.0,0.4782608695652155,0.47897404772572516,0.3893106302638057,76.10000000000004,76.07000000000002,76.74999999999999,79.71833333333333,77.73666666666665
2019-09-04,5937179,"455,126,283",76.5,76.9,76.1,76.6,0.8,"3,078",74.7,77.0,0.8260869565217365,0.5946783506577289,0.45776653706178005,76.38000000000002,76.03000000000002,76.74999999999999,79.65166666666667,77.77583333333332
2019-09-05,10887748,"843,818,149",77.3,78.1,76.9,77.5,0.9,"4,946",74.7,78.1,0.8235294117647071,0.6709620376933882,0.5288317039389827,76.64000000000003,76.19000000000003,76.78999999999999,79.605,77.81916666666666
2019-09-06,7570057,"585,866,371",77.1,77.7,77.0,77.1,-0.4,"2,905",74.7,78.1,0.7058823529411757,0.6826021427759841,0.5800885168846498,76.74000000000004,76.25000000000003,76.73499999999999,79.52666666666667,77.85083333333334
2019-09-09,4163519,"323,038,690",77.2,77.8,77.2,77.8,0.7,"2,433",74.7,78.1,0.9117647058823536,0.7589896638114406,0.6397222325269134,76.96000000000004,76.45000000000002,76.70999999999998,79.48,77.88583333333332
2019-09-10,6276752,"485,250,157",77.8,77.9,77.0,77.0,-0.8,"2,679",74.7,78.1,0.6764705882352949,0.7314833052860588,0.6703092567799618,77.20000000000003,76.65000000000002,76.65999999999998,79.43166666666667,77.91499999999999
2019-09-11,6518818,"501,264,086",77.7,77.7,76.3,76.8,-0.2,"2,922",75.6,78.1,0.48000000000000115,0.6476555368573729,0.6627580168057654,77.24000000000004,76.81000000000002,76.61499999999998,79.37166666666668,77.94166666666665
2019-09-12,5844661,"451,854,409",77.6,77.7,76.6,77.5,0.7,"2,517",75.8,78.1,0.7391304347826109,0.6781471694991188,0.6678877343702165,77.24000000000004,76.94000000000001,76.66499999999998,79.31000000000002,77.97499999999998
2019-09-16,7101767,"552,750,842",77.2,78.0,77.1,78.0,0.5,"3,665",75.8,78.1,0.9565217391304373,0.7709386927095583,0.7022380538166637,77.42000000000003,77.08000000000001,76.68999999999997,79.24666666666668,78.00916666666666
2019-09-17,12309244,"948,717,340",78.0,78.0,76.8,76.9,-1.1,"3,115",76.1,78.1,0.4000000000000057,0.647292461806374,0.6839228564799005,77.24000000000002,77.1,76.68499999999997,79.15666666666668,78.03166666666665
2019-09-18,7949048,"613,667,374",77.0,77.6,76.9,77.0,0.1,"3,294",76.3,78.1,0.38888888888889106,0.5611579375005463,0.6430012168201158,77.24000000000002,77.22,76.64499999999998,79.07000000000001,78.04999999999998
2019-09-19,6760260,"519,525,209",77.0,77.3,76.6,76.6,-0.4,"2,171",76.3,78.0,0.17647058823529216,0.43292882107879493,0.5729770849063421,77.20000000000002,77.22,76.62499999999997,78.98000000000002,78.06583333333332
2019-09-20,12158403,"944,466,005",76.6,78.0,76.5,78.0,1.4,"2,111",76.3,78.0,1.0,0.6219525473858633,0.5893022390661824,77.30000000000001,77.27000000000001,76.72999999999998,78.92333333333336,78.09416666666665
2019-09-23,6191569,"476,923,407",77.2,77.5,76.8,77.0,-1.0,"2,289",76.3,78.0,0.4117647058823539,0.5518899335513601,0.5768314705612416,77.10000000000001,77.26,76.75499999999997,78.84000000000002,78.11249999999998
2019-09-24,7802920,"596,828,644",76.8,76.8,76.2,76.5,-0.5,"2,844",76.2,78.0,0.16666666666666535,0.4234821779231285,0.5257150396818705,77.02000000000001,77.13000000000001,76.78999999999998,78.7366666666667,78.12499999999999
2019-09-25,12339180,"940,507,473",76.1,76.4,76.1,76.1,-0.4,"2,351",76.1,78.0,0.0,0.2823214519487523,0.44458384377083104,76.84,77.04,76.84499999999997,78.6466666666667,78.13333333333331
2019-09-26,9324015,"708,547,164",76.0,76.5,75.8,75.8,-0.3,"3,354",75.8,78.0,0.0,0.1882143012991682,0.35912732961361005,76.68000000000002,76.94000000000001,76.87499999999997,78.55500000000004,78.13999999999997
2019-09-27,6433888,"484,598,462",75.7,76.1,74.8,74.8,-1.0,"2,691",74.8,78.0,0.0,0.1254762008661121,0.2812436200311107,76.04000000000002,76.67,76.80499999999996,78.44166666666669,78.1458333333333
2019-10-01,18592596,"1,374,362,004",74.8,75.0,73.2,73.2,-1.6,"8,254",73.2,78.0,0.0,0.08365080057740806,0.21537934687987648,75.28000000000002,76.19000000000001,76.63499999999996,78.30333333333336,78.13999999999997
2019-10-02,11793083,"867,691,792",73.3,74.3,73.1,73.4,0.2,"4,039",73.1,78.0,0.061224489795920614,0.07617536365024558,0.16897801913666619,74.66000000000001,75.84,76.46999999999997,78.16000000000003,78.13916666666664
2019-10-03,7513787,"548,524,575",72.3,73.8,71.6,73.2,-0.2,"3,449",71.6,78.0,0.2500000000000011,0.13411690910016408,0.1573576491244988,74.08000000000001,75.46000000000001,76.33999999999997,78.01666666666668,78.14583333333331
2019-10-04,3936073,"288,819,174",72.9,73.6,72.9,73.6,0.4,"1,741",71.6,77.5,0.3389830508474573,0.20240562301592846,0.172373640421642,73.64000000000001,75.16000000000001,76.18999999999997,77.8616666666667,78.14666666666666
2019-10-07,5405677,"395,742,517",73.0,73.5,72.7,73.5,-0.1,"2,082",71.6,76.8,0.36538461538461625,0.2567319538054911,0.20049307821625834,73.38000000000002,74.71000000000001,75.98999999999998,77.72000000000003,78.14583333333331
2019-10-08,8972747,"654,953,999",72.8,73.3,72.7,73.0,-0.5,"2,699",71.6,76.5,0.28571428571428653,0.2663927311084229,0.22245962918031315,73.34000000000002,74.31000000000002,75.78499999999998,77.55333333333336,78.14083333333332
2019-10-09,7935841,"574,249,202",72.6,72.7,72.0,72.0,-1.0,"3,769",71.6,76.5,0.08163265306122555,0.20480603842602377,0.21657509892888333,73.06000000000002,73.86000000000001,75.49499999999998,77.3866666666667,78.13416666666666
2019-10-14,16057557,"1,152,408,204",72.0,72.4,71.4,71.6,-0.4,"5,863",71.4,76.1,0.042553191489359384,0.15072175611380229,0.1946239846571896,72.74000000000002,73.41000000000001,75.22499999999998,77.2066666666667,78.13833333333332
2019-10-15,8715774,"629,765,533",72.0,72.8,71.8,72.4,0.8,"3,290",71.4,75.0,0.27777777777777823,0.1930737633351276,0.19410724421650227,72.50000000000003,73.07000000000002,75.00499999999998,77.04333333333336,78.14499999999998
2019-10-16,11702477,"843,715,700",72.4,72.6,71.6,72.4,0.0,"4,334",71.4,74.3,0.3448275862068976,0.2436583709590509,0.21062428646401848,72.28000000000002,72.83000000000001,74.74999999999999,76.88000000000004,78.15083333333331
2019-10-17,6760418,"487,496,234",72.4,72.5,72.0,72.3,-0.1,"3,746",71.4,73.8,0.3749999999999978,0.2874389139726998,0.2362291623002456,72.14000000000001,72.74000000000001,74.46499999999999,76.73166666666671,78.1533333333333
2019-10-18,27578556,"2,002,992,972",72.6,73.0,71.6,73.0,0.7,"4,811",71.4,73.6,0.7272727272727284,0.4340501850727093,0.30216950322440017,72.34000000000002,72.70000000000002,74.26999999999998,76.58500000000004,78.16166666666663
2019-10-21,10171237,"747,339,638",72.9,74.0,72.7,73.6,0.6,"3,342",71.4,74.0,0.8461538461538436,0.571418072099754,0.39191902618285146,72.74000000000001,72.74000000000001,74.09999999999998,76.4516666666667,78.17999999999998
2019-10-22,11934873,"883,739,378",74.0,74.3,73.5,74.2,0.6,"3,923",71.4,74.3,0.9655172413793122,0.7027844618596067,0.4955408380751032,73.1,72.80000000000001,73.97999999999999,76.34000000000005,78.19833333333331
2019-10-23,8766695,"645,074,522",74.0,74.3,72.8,72.8,-1.4,"3,973",71.4,74.3,0.48275862068965364,0.6294425148029557,0.5401747303177207,73.17999999999999,72.73,73.71999999999998,76.19833333333337,78.19833333333331
2019-10-24,16528425,"1,224,358,048",73.5,74.3,73.1,74.2,1.4,"3,554",71.4,74.3,0.9655172413793122,0.7414674236617411,0.6072722947657274,73.55999999999999,72.85000000000001,73.57999999999998,76.06166666666671,78.20499999999998
2019-10-25,7993251,"593,178,324",74.5,74.9,74.0,74.1,-0.1,"2,792",71.6,74.9,0.757575757575755,0.7468368682997457,0.6537938192770668,73.78,73.06000000000002,73.45999999999998,75.9416666666667,78.20833333333331
2019-10-28,8699320,"652,369,600",74.8,75.2,74.6,75.2,1.1,"4,155",71.6,75.2,1.0,0.8312245788664971,0.7129374058068769,74.1,73.42000000000002,73.41499999999999,75.85666666666671,78.22
2019-10-29,11589519,"875,929,983",75.6,75.9,74.9,75.8,0.6,"3,749",71.6,75.9,0.9767441860465097,0.879731114593168,0.7685353087356406,74.42,73.76000000000002,73.41499999999999,75.7866666666667,78.24249999999999
2019-10-30,9534988,"722,926,559",75.9,76.1,75.3,75.7,-0.1,"3,680",71.6,76.1,0.911111111111113,0.8901911134324829,0.809087243634588,75.0,74.09000000000002,73.46,75.7016666666667,78.25666666666666
2019-10-31,8917622,"672,351,954",76.4,76.4,74.9,75.2,-0.5,"3,148",72.7,76.4,0.6756756756756751,0.8186859675135469,0.8122868182609075,75.2,74.38000000000002,73.55999999999999,75.67000000000003,78.24666666666667
2019-11-01,10856043,"805,999,332",74.6,74.8,73.8,74.2,-1.0,"3,814",72.8,76.4,0.38888888888888956,0.6754202746386612,0.7666646370534921,75.22,74.50000000000003,73.6,75.6266666666667,78.2275
2019-11-04,8626778,"654,718,600",75.0,76.4,74.7,76.4,2.2,"3,827",72.8,76.4,1.0,0.783613516425774,0.7723142635109194,75.46000000000001,74.78000000000003,73.75999999999999,75.61666666666669,78.22000000000001
2019-11-05,6205282,"470,308,432",76.5,76.9,75.3,76.0,-0.4,"2,720",73.1,76.9,0.7631578947368414,0.7767949758627963,0.7738078342948782,75.5,74.96000000000002,73.88,75.60666666666667,78.20583333333335
2019-11-06,10070803,"755,389,984",76.3,76.3,74.7,74.7,-1.3,"4,494",73.8,76.9,0.2903225806451623,0.6146375107902516,0.720751059793336,75.3,75.15000000000003,73.94,75.57333333333334,78.17666666666668
2019-11-07,7294867,"541,919,555",74.7,75.1,74.0,74.4,-0.3,"3,652",73.8,76.9,0.1935483870967764,0.4742744695590932,0.6385921963819217,75.14,75.17000000000003,74.01,75.51,78.14916666666666
2019-11-08,11967967,"878,216,336",74.4,74.4,73.0,73.0,-1.4,"5,941",73.0,76.9,0.0,0.31618297970606213,0.5311224574899684,74.9,75.06000000000003,74.06,75.42166666666667,78.1175
2019-11-11,8296803,"606,839,410",73.1,73.6,72.9,73.2,0.2,"3,159",72.9,76.9,0.07499999999999929,0.23578865313737452,0.4326778560391038,74.25999999999999,74.86000000000003,74.14000000000001,75.34166666666667,78.07083333333335
2019-11-12,6034595,"443,431,306",73.8,73.9,73.0,73.4,0.2,"3,487",72.9,76.9,0.125,0.198859102091583,0.3547382713899302,73.73999999999998,74.62000000000003,74.19000000000001,75.27,78.01583333333335
2019-11-13,7340468,"535,625,614",72.9,73.4,72.8,73.0,-0.4,"3,771",72.8,76.9,0.04878048780487864,0.1488328973293482,0.2861031467030695,73.39999999999999,74.35000000000002,74.22,75.21166666666666,77.94583333333335
2019-11-14,8067981,"586,639,993",72.7,73.0,72.6,72.6,-0.4,"3,264",72.6,76.9,0.0,0.0992219315528988,0.22380940831967927,73.03999999999999,74.09000000000002,74.235,75.13000000000001,77.88833333333335
2019-11-15,9207226,"670,620,891",73.4,73.4,72.5,73.0,0.4,"4,413",72.5,76.9,0.1136363636363635,0.10402674224738702,0.18388185296224852,73.03999999999999,73.97000000000001,74.235,75.06333333333333,77.83000000000001
2019-11-18,7398940,"544,736,017",73.0,74.0,72.9,73.9,0.9,"3,456",72.5,76.3,0.3684210526315807,0.19215817904211824,0.18664062832220507,73.17999999999998,73.72000000000001,74.25000000000001,74.99833333333332,77.77916666666668
2019-11-19,7170374,"528,492,426",73.2,74.1,73.0,74.0,0.1,"3,011",72.5,75.1,0.5769230769230782,0.3204131450024382,0.2312314672156161,73.29999999999998,73.52000000000001,74.24000000000001,74.94833333333332,77.72166666666668
2019-11-20,7121516,"528,317,906",74.0,74.4,73.8,74.3,0.3,"4,092",72.5,74.4,0.9473684210526272,0.5293982370191679,0.3306203904834667,73.55999999999997,73.48,74.31500000000001,74.92166666666667,77.66250000000001
2019-11-21,15460444,"1,128,138,271",73.0,73.4,72.3,73.0,-1.3,"5,062",72.3,74.4,0.3333333333333333,0.46404326912388966,0.37509468336360763,73.63999999999999,73.34,74.25500000000001,74.86333333333333,77.59583333333335
2019-11-22,8680339,"634,902,152",73.2,73.4,72.6,73.4,0.4,"3,100",72.3,74.4,0.5238095238095257,0.4839653540191017,0.41138490691543894,73.71999999999998,73.38000000000001,74.22000000000001,74.82333333333332,77.54
2019-11-25,7759609,"573,982,666",73.6,74.2,73.4,74.0,0.6,"3,099",72.3,74.4,0.8095238095238075,0.592484839187337,0.4717515510060716,73.73999999999998,73.46000000000001,74.16000000000001,74.80666666666666,77.47916666666669
2019-11-26,28466574,"2,069,834,530",73.5,73.6,72.4,72.4,-1.6,"5,399",72.3,74.4,0.04761904761905149,0.4108629086645751,0.4514553368922394,73.41999999999999,73.36,73.99000000000002,74.75999999999999,77.40833333333335
2019-11-27,6935774,"505,145,591",72.7,73.1,72.6,72.8,0.4,"3,382",72.3,74.4,0.23809523809523714,0.3532736851414624,0.41872811964198037,73.11999999999998,73.34,73.84500000000001,74.70333333333333,77.34083333333335
2019-11-28,4877595,"356,422,735",72.8,73.3,72.8,72.9,0.1,"2,513",72.3,74.4,0.28571428571428864,0.33075388533240446,0.38940337487212173,73.09999999999998,73.36999999999999,73.73000000000002,74.64166666666665,77.26916666666668
2019-11-29,8233532,"598,171,756",72.9,73.1,72.4,72.5,-0.4,"3,016",72.3,74.4,0.0952380952380962,0.25224862196763503,0.34368512390395944,72.91999999999999,73.32,73.64500000000001,74.57166666666666,77.19666666666667
2019-12-02,11258076,"816,480,587",72.6,72.7,72.4,72.6,0.1,"2,870",72.3,74.4,0.14285714285714093,0.21578479559747032,0.3010516811351297,72.63999999999999,73.19,73.45500000000001,74.51833333333333,77.11833333333334
2019-12-03,3054872,"221,709,755",72.5,72.7,72.4,72.5,-0.1,"1,359",72.3,74.2,0.10526315789473803,0.17894424969655953,0.2603492039889396,72.66,73.03999999999999,73.28,74.44999999999999,77.05083333333333
2019-12-04,6717825,"485,251,425",72.4,72.5,72.1,72.2,-0.3,"3,415",72.1,74.2,0.04761904761905149,0.13516918233739017,0.2186225301050898,72.53999999999999,72.83000000000001,73.155,74.36166666666665,76.98333333333335
2019-12-05,12635598,"908,741,957",72.2,72.4,71.7,71.8,-0.4,"5,923",71.7,74.2,0.039999999999997725,0.10344612155825934,0.18023039392281298,72.31999999999998,72.71000000000001,73.025,74.27333333333331,76.90000000000002
2019-12-06,7244735,"526,195,055",72.0,72.8,72.0,72.7,0.9,"2,292",71.7,73.6,0.5263157894736866,0.24440267753006842,0.20162115512523143,72.35999999999999,72.64000000000001,73.01,74.1883333333333,76.83416666666669
2019-12-09,3698011,"268,637,682",72.7,72.9,72.4,72.4,-0.3,"2,001",71.7,73.3,0.43750000000000333,0.30876845168671335,0.2373369206457254,72.31999999999998,72.48,72.97,74.11166666666664,76.77166666666669
2019-12-10,8717095,"626,985,032",72.0,72.3,71.8,71.8,-0.6,"5,312",71.7,73.3,0.06249999999999667,0.22667896779114113,0.2337842696941973,72.17999999999998,72.42,72.89,74.0283333333333,76.70000000000002
2019-12-11,6208906,"450,176,390",71.9,72.8,71.9,72.8,1.0,"3,071",71.7,73.1,0.7857142857142865,0.41302407376552286,0.2935308710513058,72.29999999999998,72.42,72.88,73.94999999999997,76.63000000000001
2019-12-12,9256114,"673,823,052",72.8,73.2,72.5,72.5,-0.3,"4,629",71.7,73.2,0.5333333333333314,0.4531271602881257,0.34672963413024577,72.43999999999998,72.38000000000001,72.875,73.8583333333333,76.55250000000001
2019-12-13,10904520,"794,700,820",72.6,73.2,72.5,72.5,0.0,"3,795",71.7,73.2,0.5333333333333314,0.4798625513031943,0.39110727318789523,72.39999999999999,72.38000000000001,72.85,73.78499999999998,76.47083333333335
2019-12-16,9293850,"674,920,954",72.8,73.0,72.3,72.3,-0.2,"3,296",71.7,73.2,0.3999999999999962,0.4532417008687949,0.4118187490815284,72.38,72.35,72.77,73.70666666666665,76.38833333333334
2019-12-17,10395836,"754,287,236",72.3,72.8,72.2,72.6,0.3,"3,726",71.7,73.2,0.5999999999999943,0.502161133912528,0.44193287735852826,72.53999999999999,72.36,72.69999999999999,73.63999999999997,76.31
2019-12-18,8924028,"653,158,130",72.6,73.5,72.6,73.5,0.9,"3,340",71.8,73.5,1.0,0.668107422608352,0.5173243924418028,72.67999999999999,72.49,72.66,73.56499999999998,76.24416666666667
2019-12-19,8520169,"625,996,962",73.5,73.7,73.2,73.5,0.0,"3,083",71.8,73.7,0.8947368421052619,0.7436505624406553,0.592766449108087,72.88,72.66,72.68499999999999,73.50666666666665,76.17333333333335
2019-12-20,10891657,"805,325,218",73.5,74.1,73.4,74.1,0.6,"3,446",71.8,74.1,1.0,0.8291003749604369,0.6715444243922035,73.2,72.8,72.71999999999998,73.46666666666665,76.10166666666667
2019-12-23,6252183,"465,860,333",74.1,74.9,74.1,74.9,0.8,"3,311",71.9,74.9,1.0,0.8860669166402912,0.7430519218082328,73.72,73.05,72.76499999999999,73.44666666666664,76.04666666666667
2019-12-24,3440387,"257,273,737",74.6,75.0,74.5,74.6,-0.3,"1,933",72.2,75.0,0.857142857142855,0.8764255634744791,0.7875098023636482,74.11999999999998,73.33000000000001,72.87499999999997,73.42666666666665,75.99083333333334
2019-12-25,1968422,"147,172,135",74.6,74.9,74.5,74.8,0.2,"1,146",72.2,75.0,0.9285714285714275,0.8938075185067951,0.8229423744113638,74.37999999999998,73.53,72.97499999999998,73.42666666666665,75.93416666666667
2019-12-26,2095671,"155,891,369",74.8,74.8,74.1,74.6,-0.2,"1,081",72.2,75.0,0.857142857142855,0.8815859647188149,0.8424902378471808,74.59999999999998,73.74000000000001,73.05999999999997,73.44999999999999,75.87666666666668
2019-12-27,4158934,"310,033,552",74.8,74.8,74.4,74.6,0.0,"2,002",72.2,75.0,0.857142857142855,0.8734382621934949,0.8528062459626187,74.69999999999997,73.95000000000002,73.16499999999996,73.47,75.81500000000001
2019-12-30,5201030,"387,524,616",74.5,74.6,74.3,74.6,0.0,"1,864",72.6,75.0,0.8333333333333314,0.8600699525734403,0.8552274814995592,74.63999999999999,74.18000000000002,73.26499999999996,73.49333333333334,75.75500000000002
2019-12-31,3719123,"276,275,997",74.0,74.6,74.0,74.2,-0.4,"2,101",73.2,75.0,0.5555555555555565,0.758565153567479,0.823006705522199,74.55999999999999,74.34000000000002,73.34999999999997,73.50333333333333,75.68250000000003
2020-01-02,4655355,"345,260,154",74.3,74.6,73.5,74.2,0.0,"3,446",73.4,75.0,0.5,0.6723767690449859,0.7727967266964613,74.43999999999998,74.41000000000003,73.44999999999996,73.515,75.61750000000004
2020-01-03,4106135,"306,475,860",74.3,74.8,74.3,74.8,0.6,"2,629",73.5,75.0,0.8666666666666648,0.7371400682522122,0.7609111738817116,74.47999999999999,74.54000000000002,73.59999999999997,73.545,75.5491666666667
2020-01-06,6241361,"461,167,935",74.4,74.4,73.6,73.9,-0.9,"2,831",73.5,75.0,0.26666666666667044,0.5803156010570316,0.7007126496068182,74.33999999999999,74.52000000000001,73.65999999999997,73.57666666666665,75.4816666666667
2020-01-07,6383030,"468,478,384",73.7,74.0,73.1,73.4,-0.5,"3,114",73.1,74.9,0.16666666666667193,0.4424326229269117,0.6146193073801827,74.09999999999998,74.37000000000002,73.70999999999997,73.60666666666664,75.4066666666667
2020-01-08,5159215,"375,610,895",73.4,73.4,72.6,72.6,-0.8,"2,859",72.6,74.8,0.0,0.29495508195127446,0.5080645655705466,73.77999999999999,74.17000000000002,73.74999999999997,73.60999999999999,75.32666666666668
2020-01-09,6308040,"462,169,838",72.7,73.8,72.6,73.4,0.8,"2,448",72.6,74.8,0.3636363636363683,0.3178488425129724,0.44465932455135515,73.61999999999999,74.03000000000002,73.77999999999997,73.62666666666665,75.25333333333334
2020-01-10,4231374,"312,761,876",73.3,74.4,73.3,74.0,0.6,"2,428",72.6,74.8,0.6363636363636381,0.4240204404631943,0.4377796965219682,73.46,73.97000000000001,73.85499999999998,73.65499999999999,75.19333333333334
2020-01-13,4507176,"335,654,393",74.1,74.8,74.1,74.6,0.6,"2,584",72.6,74.8,0.909090909090908,0.5857105966724322,0.4870899965721228,73.6,73.97000000000001,73.95999999999997,73.68166666666666,75.13333333333335
2020-01-14,7371510,"548,447,715",74.5,74.7,74.1,74.4,-0.2,"3,041",72.6,74.8,0.8181818181818223,0.6632010038422289,0.5457936656621581,73.8,73.95000000000002,74.06499999999997,73.69499999999998,75.07333333333334
2020-01-15,6292051,"468,583,774",74.4,74.6,74.1,74.6,0.2,"2,971",72.6,74.8,0.909090909090908,0.7451643055917886,0.6122505456387015,74.2,73.99000000000001,74.16499999999998,73.70166666666665,75.02083333333334
2020-01-16,9104708,"683,674,753",74.3,75.5,74.2,75.5,0.9,"4,678",72.6,75.5,1.0,0.8301095370611924,0.6848702094461985,74.62,74.12,74.26499999999997,73.74666666666666,74.97250000000003
2020-01-17,6843898,"517,200,062",75.7,75.8,75.3,75.7,0.2,"4,431",72.6,75.8,0.9687500000000018,0.876323024707462,0.7486878145332863,74.96000000000001,74.21000000000001,74.37499999999997,73.77166666666666,74.9166666666667
2020-01-20,5132787,"387,637,445",75.5,75.7,75.2,75.4,-0.3,"2,725",72.6,75.8,0.8750000000000028,0.8758820164716423,0.7910858818460715,75.12,74.36000000000001,74.43999999999998,73.79333333333331,74.86750000000004
2020-01-30,23689030,"1,735,472,383",75.4,75.4,71.8,72.0,-3.4,"9,450",71.8,75.8,0.05000000000000071,0.6005880109810952,0.7275865915577461,74.64000000000001,74.22000000000001,74.29499999999999,73.73999999999998,74.79833333333337
2020-01-31,11901409,"868,667,417",72.1,73.7,72.1,72.6,0.6,"5,326",71.8,75.8,0.1999999999999993,0.46705867398739653,0.6407439523676295,74.24000000000001,74.22000000000001,74.19499999999998,73.68666666666665,74.73666666666671
2020-02-03,7888011,"576,707,799",72.5,74.2,72.4,73.0,0.4,"3,577",71.8,75.8,0.3000000000000007,0.4113724493249312,0.5642867846867301,73.74000000000001,74.18000000000002,74.10499999999999,73.64166666666665,74.67166666666671
2020-02-04,9227245,"677,503,245",73.2,73.8,72.9,73.5,0.5,"2,789",71.8,75.8,0.4250000000000007,0.415914966216621,0.5148295118633603,73.30000000000001,74.13000000000002,74.04999999999998,73.61333333333332,74.64166666666671
2020-02-05,9696908,"712,178,769",73.5,73.7,72.8,73.7,0.2,"3,204",71.8,75.8,0.4750000000000014,0.43560997747774777,0.48842300040148945,72.96000000000001,74.04000000000002,74.005,73.60499999999999,74.61583333333338
2020-02-06,4854050,"358,030,884",73.8,74.0,73.5,74.0,0.3,"2,550",71.8,75.8,0.5500000000000007,0.4737399849851654,0.4835286619293814,73.36000000000001,74.00000000000003,73.975,73.565,74.59083333333339
2020-02-07,6078371,"447,482,656",73.2,74.1,73.1,73.6,-0.4,"3,175",71.8,75.8,0.4499999999999993,0.46582665665677664,0.47762799350517976,73.56000000000002,73.90000000000002,73.945,73.525,74.56583333333339
2020-02-10,8362865,"623,526,595",73.8,75.0,73.4,75.0,1.4,"3,430",71.8,75.7,0.82051282051282,0.5840553779421244,0.5131037883174946,73.96000000000001,73.85000000000002,73.98499999999999,73.53,74.55166666666672
2020-02-11,6537317,"489,255,675",74.8,75.3,74.3,74.6,-0.4,"3,548",71.8,75.4,0.7777777777777751,0.6486295112206746,0.5582790292852212,74.18000000000002,73.74000000000002,73.975,73.53333333333335,74.52166666666672
2020-02-12,9192875,"686,057,315",74.4,74.9,74.4,74.4,-0.2,"4,131",72.1,75.3,0.7187500000000029,0.6720030074804506,0.5961870220169643,74.32000000000002,73.64000000000001,73.99999999999999,73.55666666666667,74.48916666666672
2020-02-13,8706870,"647,540,959",74.3,74.7,74.1,74.5,0.1,"3,015",72.4,75.3,0.7241379310344829,0.6893813153317947,0.627251786455241,74.42000000000002,73.89000000000001,74.05499999999998,73.57833333333335,74.46000000000005
2020-02-14,4469080,"331,872,925",74.1,74.6,74.1,74.2,-0.3,"2,356",72.8,75.3,0.5600000000000023,0.6462542102211972,0.6335859277105598,74.54,74.05000000000003,74.13499999999999,73.59166666666668,74.43083333333338
2020-02-17,3687800,"275,841,775",74.2,75.0,74.2,75.0,0.8,"1,695",72.8,75.3,0.8800000000000011,0.7241694734807984,0.663780442967306,74.54,74.25000000000003,74.21499999999999,73.62500000000001,74.41833333333338
2020-02-18,6571254,"492,827,750",74.9,75.2,74.6,75.1,0.1,"3,092",73.1,75.3,0.909090909090908,0.7858099520175016,0.7044569459840377,74.64000000000001,74.41000000000003,74.26999999999998,73.66666666666669,74.39833333333338
2020-02-19,6012958,"451,656,350",75.2,75.3,74.9,75.0,-0.1,"3,073",73.1,75.3,0.8636363636363651,0.8117520892237893,0.7402219937306216,74.76000000000002,74.54000000000002,74.28999999999999,73.70000000000002,74.38166666666672
2020-02-20,8024475,"596,206,774",75.0,75.0,74.0,74.0,-1.0,"4,350",73.4,75.3,0.31578947368420895,0.6464312173772624,0.7089584016128352,74.66000000000001,74.54000000000002,74.26999999999998,73.70166666666668,74.35000000000007
2020-02-21,4703263,"348,169,702",74.0,74.4,73.7,74.0,0.0,"2,337",73.7,75.3,0.1874999999999989,0.4934541449181745,0.6371236493812815,74.62000000000002,74.58000000000001,74.23999999999998,73.70166666666668,74.32500000000006
2020-02-24,18632439,"1,367,226,036",72.2,73.8,72.2,73.5,-0.5,"4,146",72.2,75.3,0.41935483870967727,0.4687543761820087,0.5810005583148572,74.32000000000002,74.43000000000002,74.13999999999999,73.68833333333335,74.30500000000006
2020-02-25,8383856,"615,232,242",73.0,73.6,72.8,73.5,0.0,"3,943",72.2,75.3,0.41935483870967727,0.45228786369123153,0.5380963267736486,74.00000000000003,74.32000000000002,74.02999999999999,73.69666666666669,74.28000000000006
2020-02-26,8791928,"641,597,243",72.8,73.3,72.8,73.0,-0.5,"3,334",72.2,75.3,0.2580645161290318,0.3875467478371649,0.4879131337948207,73.60000000000002,74.18000000000002,73.90999999999998,73.69000000000003,74.25666666666673
2020-02-27,10588934,"773,076,389",72.8,73.5,72.6,73.2,0.2,"3,865",72.2,75.3,0.3225806451612909,0.36589138027854023,0.44723921595606053,73.44000000000003,74.05000000000003,73.96999999999998,73.67666666666669,74.24166666666675
2020-03-02,18205933,"1,301,333,342",71.4,71.9,71.2,71.2,-2.0,"8,989",71.2,75.3,0.0,0.24392758685236016,0.3794686729214937,72.88000000000002,73.75000000000003,73.89999999999999,73.6566666666667,74.20833333333341
2020-03-03,9426839,"677,290,936",71.7,72.3,71.4,72.0,0.8,"4,865",71.2,75.3,0.19512195121951179,0.22765904164141068,0.32886546249479937,72.58000000000001,73.45000000000002,73.85,73.64333333333336,74.1733333333334
2020-03-04,8582691,"626,797,780",72.0,73.5,72.0,73.5,1.5,"4,277",71.2,75.0,0.6052631578947365,0.35352708039251923,0.3370860017940393,72.58000000000001,73.29000000000002,73.85,73.65333333333336,74.14750000000006
2020-03-05,8456162,"622,200,699",74.2,74.2,72.8,73.6,0.1,"4,365",71.2,74.4,0.7499999999999967,0.48568472026167836,0.386618907949919,72.70000000000002,73.15000000000002,73.84499999999998,73.6716666666667,74.12166666666673
2020-03-06,8688680,"633,238,440",73.6,73.7,72.5,72.7,-0.9,"5,096",71.2,74.2,0.5,0.4904564801744522,0.4212314320247634,72.60000000000002,73.02000000000002,73.77999999999999,73.67333333333336,74.0958333333334
2020-03-09,15373808,"1,104,332,693",71.6,72.7,71.2,71.8,-0.9,"7,198",71.2,74.2,0.1999999999999981,0.39363765344963414,0.41203350583305365,72.72000000000003,72.80000000000003,73.68999999999998,73.66166666666669,74.0558333333334
2020-03-10,13774295,"994,121,598",71.8,72.8,71.4,72.4,0.6,"5,792",71.2,74.2,0.40000000000000097,0.3957584356330897,0.4066084824330657,72.80000000000003,72.69000000000003,73.55999999999999,73.66500000000002,74.01333333333339
2020-03-11,14163307,"1,027,530,201",72.0,73.2,71.8,72.9,0.5,"5,667",71.2,74.2,0.5666666666666677,0.4527278459776157,0.4219816036145823,72.68000000000002,72.63000000000002,73.475,73.68333333333335,73.9783333333334
2020-03-12,19721933,"1,389,580,549",72.7,72.7,68.9,70.3,-2.6,"8,636",68.9,74.2,0.26415094339622497,0.38986887845048546,0.4112773618932167,72.02000000000002,72.36000000000001,73.27,73.64333333333336,73.9158333333334
2020-03-13,28827276,"1,909,237,775",66.3,69.0,63.4,68.2,-2.1,"11,209",63.4,74.2,0.44444444444444464,0.40806073378180513,0.41020515252274614,71.12000000000003,71.86000000000001,72.955,73.57333333333335,73.84250000000006
2020-03-16,15121759,"1,011,918,374",67.6,68.2,66.0,66.3,-1.9,"6,300",63.4,74.2,0.26851851851851827,0.3615466620273761,0.3939856556909561,70.02000000000002,71.37,72.55999999999999,73.4816666666667,73.75500000000007
2020-03-17,22276147,"1,443,992,611",63.0,65.9,62.9,64.9,-1.4,"8,823",62.9,74.2,0.17699115044247843,0.3000281581657435,0.36266648984921857,68.52000000000002,70.66,72.05499999999999,73.35000000000001,73.65000000000006
2020-03-18,18256131,"1,156,887,853",64.5,64.5,61.9,61.9,-3.0,"8,307",61.9,73.7,0.0,0.20001877211049568,0.3084505839363109,66.32000000000002,69.5,71.39500000000001,73.17333333333335,73.51583333333339
2020-03-19,19234181,"1,196,628,699",61.5,65.0,60.6,62.9,1.0,"8,984",60.6,73.2,0.18253968253968228,0.19419240892022455,0.2703645255976154,64.84000000000002,68.42999999999999,70.79,73.01333333333334,73.39916666666673
2020-03-20,24719546,"1,614,809,444",63.5,68.1,63.4,65.0,2.1,"10,629",60.6,73.2,0.3492063492063491,0.24586372234893272,0.26219759118138786,64.20000000000002,67.66,70.34,72.89166666666667,73.29916666666672
2020-03-23,16806671,"1,065,903,644",62.6,65.1,62.5,62.6,-2.4,"5,467",60.6,73.2,0.15873015873015872,0.21681920114267472,0.24707146116848347,63.46000000000002,66.74,69.77000000000001,72.725,73.18250000000006
2020-03-24,13682328,"915,190,802",65.7,68.0,65.0,66.6,4.0,"7,053",60.6,72.7,0.49586776859504067,0.30983539029346335,0.26799277087681006,63.800000000000026,66.16,69.425,72.61,73.08750000000006
2020-03-25,11435852,"765,394,463",66.4,68.4,66.4,66.6,0.0,"6,502",60.6,69.0,0.7142857142857135,0.4446521649575467,0.32687923557038895,64.74000000000004,65.53,69.08,72.49500000000002,73.0008333333334
2020-03-26,13885099,"925,385,733",66.3,67.8,65.8,65.8,-0.8,"5,127",60.6,68.4,0.6666666666666657,0.5186569988605864,0.3908051566671214,65.32000000000004,65.08000000000001,68.72,72.35666666666667,72.91166666666672
2020-03-27,13130706,"857,783,190",66.2,66.7,64.1,64.1,-1.7,"5,738",60.6,68.4,0.44871794871794757,0.49534398214637343,0.42565143182687204,65.14000000000003,64.67,68.26499999999999,72.17666666666669,72.81166666666672
2020-03-30,11044114,"704,660,210",62.7,64.5,62.7,63.8,-0.3,"4,491",60.6,68.4,0.41025641025640947,0.4669814581830521,0.439428107278932,65.38000000000002,64.42,67.89499999999998,71.99666666666668,72.71166666666673
2020-03-31,13541060,"887,172,330",64.8,66.2,64.5,65.6,1.8,"5,034",60.6,68.4,0.6410256410256397,0.5249961857972479,0.46795080011837065,65.18000000000002,64.49000000000001,67.57499999999997,71.84333333333335,72.63500000000006
2020-04-01,10920723,"719,820,628",66.1,67.0,65.1,65.1,-0.5,"4,846",62.5,68.4,0.4406779661016935,0.49689011256539645,0.4775972376007126,64.88000000000002,64.81000000000002,67.15499999999997,71.68500000000002,72.56750000000007
2020-04-06,17887448,"1,218,683,632",68.2,69.0,67.1,69.0,3.9,"7,687",62.5,69.0,1.0,0.6645934083769309,0.5399292945261187,65.52000000000001,65.42000000000002,66.92499999999998,71.59166666666668,72.5308333333334
2020-04-07,14621954,"1,019,675,895",70.3,70.9,68.8,69.0,0.0,"6,097",62.7,70.9,0.7682926829268286,0.6991598332268968,0.5930061407597114,66.50000000000003,65.82000000000002,66.73999999999998,71.49833333333335,72.4958333333334
2020-04-08,9998101,"704,812,189",69.0,71.0,69.0,70.2,1.2,"4,701",62.7,71.0,0.9036144578313257,0.7673113747617064,0.651107885427043,67.78000000000002,66.58000000000001,66.65999999999998,71.43166666666667,72.46750000000006
2020-04-09,6283504,"437,783,680",70.0,70.7,69.2,69.6,-0.6,"3,322",62.7,71.0,0.8313253012048185,0.7886493502427436,0.6969550403656098,68.58000000000001,66.88000000000002,66.51999999999997,71.35500000000002,72.43500000000007
2020-04-10,3617302,"250,319,090",69.2,69.6,68.9,69.0,-0.6,"2,294",62.7,71.0,0.7590361445783131,0.7787782816879334,0.7242294541397176,69.36000000000001,67.12000000000002,66.32499999999996,71.25833333333335,72.40166666666673
2020-04-13,4326039,"296,126,955",68.3,69.3,68.1,68.1,-0.9,"2,137",62.7,71.0,0.6506024096385534,0.7360529910048067,0.7281706330947473,69.18000000000002,67.35000000000002,66.21499999999996,71.16166666666669,72.36916666666674
2020-04-14,10186959,"700,473,456",68.0,69.4,68.0,68.1,0.0,"3,383",64.5,71.0,0.553846153846153,0.6753173786185888,0.7105528816026945,69.00000000000003,67.75000000000003,66.20999999999995,71.07333333333337,72.34000000000007
2020-04-15,13614473,"927,156,290",68.0,68.5,68.0,68.0,-0.1,"6,390",65.1,71.0,0.491525423728814,0.6140533936553305,0.6783863856202398,68.56000000000003,68.17000000000003,66.29499999999996,70.9966666666667,72.30333333333341
2020-04-16,8790987,"594,910,399",67.8,68.2,67.5,67.5,-0.5,"3,962",67.1,71.0,0.10256410256410388,0.4435569632915883,0.6001099115106893,68.14000000000003,68.36000000000003,66.42499999999995,70.89833333333337,72.26250000000007
2020-04-17,13307681,"908,740,055",68.2,68.9,67.8,67.8,0.3,"5,121",67.5,71.0,0.0857142857142849,0.3242760707658205,0.5081652979290663,67.90000000000003,68.63000000000002,66.71999999999994,70.79500000000004,72.22500000000008
2020-04-20,11058785,"751,289,539",67.8,68.4,67.6,67.8,0.0,"3,892",67.5,71.0,0.0857142857142849,0.24475547574864195,0.42036202386892485,67.84000000000003,68.51000000000002,66.96499999999995,70.6816666666667,72.18166666666674
2020-04-21,14805274,"988,158,651",67.5,67.8,66.0,66.0,-1.8,"8,242",66.0,70.7,0.0,0.1631703171657613,0.33463145496787033,67.42000000000003,68.21000000000001,67.01499999999994,70.54166666666671,72.1183333333334
2020-04-22,8927358,"596,733,589",66.0,67.5,65.8,67.1,1.1,"4,111",65.8,69.6,0.34210526315789425,0.22281529916313894,0.2973594030329599,67.24000000000004,67.9,67.23999999999994,70.41666666666671,72.05916666666673
2020-04-23,9031345,"611,356,663",67.4,68.0,67.3,67.9,0.8,"2,818",65.8,69.4,0.5833333333333344,0.34298797721987073,0.3125689277619301,67.32000000000002,67.73,67.30499999999995,70.29000000000003,72.0183333333334
2020-04-24,13716121,"919,195,988",67.9,68.0,66.6,66.6,-1.3,"5,853",65.8,69.4,0.2222222222222209,0.30273272555398745,0.3092901936926159,67.08000000000003,67.49000000000001,67.30499999999995,70.13833333333338,71.95500000000007
2020-04-27,8207757,"556,450,476",67.5,68.1,67.2,67.7,1.1,"3,199",65.8,68.9,0.6129032258064517,0.40612289230480886,0.3415677598966802,67.06000000000003,67.45000000000002,67.39999999999995,70.01000000000005,71.90166666666673
2020-04-28,8062614,"550,589,264",68.0,68.6,67.9,68.3,0.6,"4,081",65.8,68.9,0.8064516129032235,0.539565799170947,0.4075671063214358,67.52000000000002,67.47,67.60999999999996,69.9483333333334,71.84416666666672
2020-04-29,10730437,"744,886,069",68.6,70.0,68.5,69.0,0.7,"5,121",65.8,70.0,0.7619047619047621,0.6136787867488853,0.4762709997972523,67.90000000000002,67.57000000000001,67.86999999999996,69.88833333333338,71.78750000000007
2020-04-30,10128339,"706,418,839",69.2,70.0,69.2,69.5,0.5,"4,866",65.8,70.0,0.880952380952381,0.7027699848167173,0.5517706614704072,68.22000000000003,67.77000000000001,68.06499999999997,69.83000000000006,71.73583333333339
